Date,Team1,Team2,City
1/13/2017,Australia,Pakistan,Brisbane
1/15/2017,Australia,Pakistan,
1/19/2017,Australia,Pakistan,Perth
1/22/2017,Australia,Pakistan,
1/26/2017,Australia,Pakistan,
12/4/2016,Australia,New Zealand,
12/6/2016,Australia,New Zealand,Canberra
12/9/2016,Australia,New Zealand,
7/4/2016,Scotland,Afghanistan,Edinburgh
7/6/2016,Scotland,Afghanistan,Edinburgh
10/21/2016,Papua New Guinea,Namibia,Port Moresby
10/23/2016,Papua New Guinea,Namibia,Port Moresby
8/13/2016,Netherlands,Nepal,Amstelveen
11/20/2016,Kenya,Hong Kong,Nairobi
9/8/2016,Scotland,Hong Kong,Edinburgh
9/10/2016,Scotland,Hong Kong,Edinburgh
6/11/2016,Zimbabwe,India,
6/13/2016,Zimbabwe,India,
6/15/2016,Zimbabwe,India,
5/28/2016,Papua New Guinea,Kenya,Port Moresby
5/30/2016,Papua New Guinea,Kenya,Port Moresby
12/26/2016,New Zealand,Bangladesh,Christchurch
12/29/2016,New Zealand,Bangladesh,Nelson
12/31/2016,New Zealand,Bangladesh,Nelson
1/30/2017,New Zealand,Australia,Auckland
2/19/2017,New Zealand,South Africa,Hamilton
2/22/2017,New Zealand,South Africa,Christchurch
2/25/2017,New Zealand,South Africa,Wellington
3/1/2017,New Zealand,South Africa,Hamilton
3/4/2017,New Zealand,South Africa,Auckland
6/1/2017,England,Bangladesh,London
6/2/2017,Australia,New Zealand,Birmingham
6/3/2017,South Africa,Sri Lanka,London
6/4/2017,India,Pakistan,Birmingham
6/5/2017,Australia,Bangladesh,London
6/6/2017,England,New Zealand,Cardiff
6/7/2017,Pakistan,South Africa,Birmingham
6/8/2017,India,Sri Lanka,London
6/9/2017,Bangladesh,New Zealand,Cardiff
6/10/2017,England,Australia,Birmingham
6/11/2017,India,South Africa,London
6/12/2017,Pakistan,Sri Lanka,Cardiff
6/14/2017,England,Pakistan,Cardiff
6/18/2017,India,Pakistan,London
12/21/2016,Adelaide Strikers,Brisbane Heat,
12/23/2016,Perth Scorchers,Adelaide Strikers,Perth
12/28/2016,Sydney Thunder,Brisbane Heat,
12/30/2016,Brisbane Heat,Hobart Hurricanes,Brisbane
1/4/2017,Sydney Thunder,Melbourne Stars,
1/14/2017,Sydney Sixers,Sydney Thunder,
1/17/2017,Melbourne Stars,Brisbane Heat,
1/20/2017,Brisbane Heat,Melbourne Renegades,Brisbane
1/28/2017,Perth Scorchers,Sydney Sixers,Perth
11/4/2016,Hong Kong,Papua New Guinea,Hong Kong
11/6/2016,Hong Kong,Papua New Guinea,Hong Kong
11/8/2016,Hong Kong,Papua New Guinea,Hong Kong
3/3/2017,West Indies,England,Antigua
3/5/2017,West Indies,England,Antigua
3/9/2017,West Indies,England,Barbados
5/5/2017,England,Ireland,Bristol
5/7/2017,England,Ireland,London
10/7/2016,Bangladesh,England,Mirpur
10/9/2016,Bangladesh,England,Mirpur
10/12/2016,Bangladesh,England,Chittagong
10/16/2016,India,New Zealand,Dharmasala
10/20/2016,India,New Zealand,Delhi
10/23/2016,India,New Zealand,Chandigarh
10/26/2016,India,New Zealand,Ranchi
10/29/2016,India,New Zealand,Visakhapatnam
5/24/2017,England,South Africa,Leeds
5/27/2017,England,South Africa,Southampton
5/29/2017,England,South Africa,London
5/12/2017,Ireland,Bangladesh,Dublin
5/19/2017,Ireland,Bangladesh,Dublin
5/24/2017,Bangladesh,New Zealand,Dublin
7/15/2016,Netherlands,Scotland,Southend-on-Sea
1/15/2017,India,England,Pune
1/19/2017,India,England,Cuttack
1/22/2017,India,England,Kolkata
3/15/2017,Afghanistan,Ireland,Greater Noida
3/17/2017,Afghanistan,Ireland,Greater Noida
3/19/2017,Afghanistan,Ireland,Greater Noida
3/22/2017,Afghanistan,Ireland,Greater Noida
3/24/2017,Afghanistan,Ireland,Greater Noida
1/18/2017,Bangladesh,South Africa,Cox's Bazar
1/20/2017,Bangladesh,South Africa,Cox's Bazar
11/18/2016,Australia,South Africa,Canberra
11/20/2016,Australia,South Africa,Canberra
11/29/2016,Australia,South Africa,Coffs Harbour
9/18/2016,Sri Lanka,Australia,
9/25/2016,Sri Lanka,Australia,Colombo
8/26/2016,Malaysia,Singapore,
8/28/2016,Malaysia,Singapore,
9/30/2016,Pakistan,West Indies,
10/2/2016,Pakistan,West Indies,
10/5/2016,Pakistan,West Indies,Abu Dhabi
11/11/2016,New Zealand,Pakistan,Lincoln
11/13/2016,New Zealand,Pakistan,Lincoln
11/17/2016,New Zealand,Pakistan,Nelson
11/21/2016,New Zealand,Pakistan,Nelson
2/26/2017,New Zealand,Australia,Auckland
3/2/2017,New Zealand,Australia,Mount Maunganui
3/5/2017,New Zealand,Australia,Mount Maunganui
9/25/2016,Bangladesh,Afghanistan,Mirpur
9/28/2016,Bangladesh,Afghanistan,Mirpur
10/1/2016,Bangladesh,Afghanistan,Mirpur
11/15/2016,Sri Lanka,England,Colombo
11/14/2016,Zimbabwe,Sri Lanka,
11/16/2016,Sri Lanka,West Indies,
11/19/2016,Zimbabwe,West Indies,Bulawayo
11/21/2016,Zimbabwe,Sri Lanka,Bulawayo
11/23/2016,Sri Lanka,West Indies,Bulawayo
11/25/2016,Zimbabwe,West Indies,Bulawayo
11/27/2016,Zimbabwe,Sri Lanka,Bulawayo
10/29/2016,Denmark,Italy,Los Angeles
10/30/2016,Bermuda,Oman,Los Angeles
10/30/2016,Denmark,Jersey,Los Angeles
10/30/2016,United States of America,Italy,Los Angeles
11/1/2016,Italy,Jersey,Los Angeles
11/1/2016,United States of America,Oman,Los Angeles
11/2/2016,United States of America,Denmark,Los Angeles
11/2/2016,Bermuda,Jersey,Los Angeles
11/2/2016,Italy,Oman,Los Angeles
11/4/2016,Denmark,Oman,Los Angeles
11/4/2016,Bermuda,Italy,Los Angeles
11/4/2016,United States of America,Jersey,Los Angeles
11/5/2016,Bermuda,Denmark,Los Angeles
11/5/2016,United States of America,Oman,Los Angeles
11/9/2016,Sri Lanka,England,Colombo
11/3/2016,Japan,China,
2/16/2017,Hong Kong,Netherlands,Hong Kong
2/18/2017,Hong Kong,Netherlands,Hong Kong
4/2/2017,United Arab Emirates,Papua New Guinea,Abu Dhabi
6/13/2017,Scotland,Namibia,Edinburgh
2/7/2017,Sri Lanka,India,Colombo
2/7/2017,Ireland,Zimbabwe,Colombo
2/7/2017,Pakistan,South Africa,Colombo
2/7/2017,Bangladesh,Papua New Guinea,
2/8/2017,Sri Lanka,Ireland,Colombo
2/8/2017,India,Thailand,
2/8/2017,Scotland,South Africa,Colombo
2/8/2017,Bangladesh,Pakistan,Colombo
2/10/2017,Bangladesh,Scotland,
2/10/2017,India,Ireland,Colombo
2/10/2017,Thailand,Zimbabwe,Colombo
2/11/2017,Bangladesh,South Africa,Colombo
2/11/2017,Sri Lanka,Zimbabwe,Colombo
2/11/2017,Ireland,Thailand,
2/13/2017,India,Zimbabwe,Colombo
2/13/2017,Sri Lanka,Thailand,Colombo
2/13/2017,Papua New Guinea,South Africa,Colombo
2/13/2017,Pakistan,Scotland,
2/15/2017,India,South Africa,Colombo
2/15/2017,Sri Lanka,Pakistan,Colombo
2/15/2017,Bangladesh,Ireland,
2/17/2017,Sri Lanka,South Africa,Colombo
2/17/2017,Bangladesh,India,Colombo
2/17/2017,Ireland,Pakistan,
2/19/2017,India,Pakistan,Colombo
2/19/2017,Ireland,South Africa,
2/21/2017,India,South Africa,Colombo
4/7/2017,West Indies,Pakistan,Guyana
4/9/2017,West Indies,Pakistan,Guyana
4/11/2017,West Indies,Pakistan,Guyana
1/22/2017,Hong Kong,Scotland,Abu Dhabi
1/24/2017,United Arab Emirates,Scotland,
1/26/2017,United Arab Emirates,Hong Kong,
2/16/2017,Zimbabwe,Afghanistan,
2/19/2017,Zimbabwe,Afghanistan,
2/21/2017,Zimbabwe,Afghanistan,
2/24/2017,Zimbabwe,Afghanistan,
2/26/2017,Zimbabwe,Afghanistan,
3/2/2017,United Arab Emirates,Ireland,Dubai
3/4/2017,United Arab Emirates,Ireland,Dubai
4/6/2017,Rising Pune Supergiant,Mumbai Indians,Pune
4/9/2017,Mumbai Indians,Kolkata Knight Riders,Mumbai
4/13/2017,Kolkata Knight Riders,Kings XI Punjab,Kolkata
4/20/2017,Kings XI Punjab,Mumbai Indians,Indore
4/26/2017,Rising Pune Supergiant,Kolkata Knight Riders,Pune
5/2/2017,Delhi Daredevils,Sunrisers Hyderabad,Delhi
5/4/2017,Delhi Daredevils,Gujarat Lions,Delhi
5/5/2017,Royal Challengers Bangalore,Kings XI Punjab,Bangalore
5/6/2017,Delhi Daredevils,Mumbai Indians,Delhi
5/8/2017,Sunrisers Hyderabad,Mumbai Indians,Hyderabad
5/11/2017,Mumbai Indians,Kings XI Punjab,Mumbai
5/13/2017,Kolkata Knight Riders,Mumbai Indians,Kolkata
5/14/2017,Delhi Daredevils,Royal Challengers Bangalore,Delhi
5/21/2017,Mumbai Indians,Rising Pune Supergiant,Hyderabad
3/25/2017,Sri Lanka,Bangladesh,
3/28/2017,Sri Lanka,Bangladesh,
4/1/2017,Sri Lanka,Bangladesh,Colombo
6/24/2017,New Zealand,Sri Lanka,Bristol
6/24/2017,England,India,Derby
6/25/2017,Pakistan,South Africa,Leicester
6/26/2017,Australia,West Indies,Taunton
6/29/2017,India,West Indies,Taunton
6/29/2017,Australia,Sri Lanka,Bristol
7/2/2017,England,Sri Lanka,Taunton
7/2/2017,Australia,New Zealand,Bristol
7/2/2017,India,Pakistan,Derby
7/2/2017,South Africa,West Indies,Leicester
7/5/2017,England,South Africa,Bristol
7/5/2017,India,Sri Lanka,Derby
7/5/2017,Australia,Pakistan,Leicester
7/6/2017,New Zealand,West Indies,Taunton
7/8/2017,New Zealand,Pakistan,Taunton
7/8/2017,India,South Africa,Leicester
7/9/2017,Sri Lanka,West Indies,Derby
7/11/2017,Pakistan,West Indies,Leicester
7/12/2017,South Africa,Sri Lanka,Taunton
7/12/2017,Australia,India,Bristol
7/12/2017,England,New Zealand,Derby
7/15/2017,Australia,South Africa,Taunton
7/15/2017,England,West Indies,Bristol
7/15/2017,India,New Zealand,Derby
7/15/2017,Pakistan,Sri Lanka,Leicester
4/7/2017,Nigeria,Tanzania,Benoni
4/7/2017,Ghana,Sierra Leone,Benoni
4/7/2017,Botswana,Zambia,Benoni
4/8/2017,Sierra Leone,Zambia,Benoni
4/8/2017,Ghana,Nigeria,Benoni
4/8/2017,Botswana,Tanzania,Benoni
4/10/2017,Botswana,Ghana,Benoni
4/10/2017,Tanzania,Zambia,Benoni
4/10/2017,Nigeria,Sierra Leone,Benoni
4/11/2017,Nigeria,Zambia,Benoni
4/11/2017,Botswana,Sierra Leone,Benoni
4/11/2017,Ghana,Tanzania,Benoni
4/13/2017,Sierra Leone,Tanzania,Benoni
4/13/2017,Ghana,Zambia,Benoni
4/4/2017,United Arab Emirates,Papua New Guinea,Abu Dhabi
6/15/2017,Scotland,Zimbabwe,Edinburgh
6/17/2017,Scotland,Zimbabwe,Edinburgh
4/22/2017,Qatar,Kuwait,Chiang Mai
5/1/2017,Bahrain,Bhutan,
5/7/2017,South Africa,Zimbabwe,Potchefstroom
5/7/2017,India,Ireland,Potchefstroom
5/9/2017,South Africa,India,Potchefstroom
5/9/2017,Ireland,Zimbabwe,Potchefstroom
5/11/2017,South Africa,Ireland,Potchefstroom
5/11/2017,India,Zimbabwe,Potchefstroom
5/15/2017,South Africa,Zimbabwe,Potchefstroom
5/17/2017,South Africa,India,Potchefstroom
5/17/2017,Ireland,Zimbabwe,Potchefstroom
5/19/2017,India,Zimbabwe,Potchefstroom
5/21/2017,South Africa,India,Potchefstroom
6/9/2017,West Indies,Afghanistan,St Lucia
6/11/2017,West Indies,Afghanistan,St Lucia
6/23/2017,West Indies,India,Trinidad
6/25/2017,West Indies,India,Trinidad
6/30/2017,West Indies,India,Antigua
7/2/2017,West Indies,India,Antigua
7/6/2017,West Indies,India,Jamaica
6/30/2017,Sri Lanka,Zimbabwe,
7/2/2017,Sri Lanka,Zimbabwe,
7/6/2017,Sri Lanka,Zimbabwe,Hambantota
7/8/2017,Sri Lanka,Zimbabwe,Hambantota
7/10/2017,Sri Lanka,Zimbabwe,Hambantota
12/22/2017,Adelaide Strikers,Sydney Thunder,Adelaide
1/1/2018,Sydney Thunder,Hobart Hurricanes,Sydney
1/7/2018,Sydney Thunder,Adelaide Strikers,Sydney
1/8/2018,Perth Scorchers,Melbourne Renegades,Perth
1/12/2018,Melbourne Renegades,Melbourne Stars,Melbourne
1/22/2018,Melbourne Renegades,Adelaide Strikers,Melbourne
1/24/2018,Sydney Thunder,Melbourne Renegades,Canberra
1/27/2018,Melbourne Stars,Hobart Hurricanes,Melbourne
4/12/2018,Sunrisers Hyderabad,Mumbai Indians,Hyderabad
4/15/2018,Royal Challengers Bangalore,Rajasthan Royals,Bengaluru
4/17/2018,Mumbai Indians,Royal Challengers Bangalore,Mumbai
4/18/2018,Rajasthan Royals,Kolkata Knight Riders,Jaipur
4/20/2018,Chennai Super Kings,Rajasthan Royals,Pune
4/21/2018,Kolkata Knight Riders,Kings XI Punjab,Kolkata
4/22/2018,Rajasthan Royals,Mumbai Indians,Jaipur
4/23/2018,Delhi Daredevils,Kings XI Punjab,Delhi
4/25/2018,Royal Challengers Bangalore,Chennai Super Kings,Bengaluru
4/27/2018,Delhi Daredevils,Kolkata Knight Riders,Delhi
5/1/2018,Royal Challengers Bangalore,Mumbai Indians,Bengaluru
5/4/2018,Kings XI Punjab,Mumbai Indians,Indore
5/6/2018,Mumbai Indians,Kolkata Knight Riders,Mumbai
5/16/2018,Mumbai Indians,Kings XI Punjab,Mumbai
5/20/2018,Delhi Daredevils,Mumbai Indians,Delhi
5/22/2018,Sunrisers Hyderabad,Chennai Super Kings,Mumbai
5/23/2018,Kolkata Knight Riders,Rajasthan Royals,Kolkata
5/25/2018,Kolkata Knight Riders,Sunrisers Hyderabad,Kolkata
5/27/2018,Chennai Super Kings,Sunrisers Hyderabad,Mumbai
5/30/2019,England,South Africa,London
5/31/2019,Pakistan,West Indies,Nottingham
6/1/2019,New Zealand,Sri Lanka,Cardiff
6/1/2019,Afghanistan,Australia,Bristol
6/2/2019,Bangladesh,South Africa,London
6/3/2019,England,Pakistan,Nottingham
6/4/2019,Afghanistan,Sri Lanka,Cardiff
6/5/2019,India,South Africa,Southampton
6/5/2019,Bangladesh,New Zealand,London
6/6/2019,Australia,West Indies,Nottingham
6/8/2019,England,Bangladesh,Cardiff
6/8/2019,Afghanistan,New Zealand,Taunton
6/12/2019,Australia,Pakistan,Taunton
6/14/2019,England,West Indies,Southampton
6/15/2019,Australia,Sri Lanka,London
6/15/2019,Afghanistan,South Africa,Cardiff
6/19/2019,New Zealand,South Africa,Birmingham
6/20/2019,Australia,Bangladesh,Nottingham
6/21/2019,England,Sri Lanka,Leeds
6/22/2019,Afghanistan,India,Southampton
6/22/2019,New Zealand,West Indies,Manchester
6/23/2019,Pakistan,South Africa,London
6/24/2019,Afghanistan,Bangladesh,Southampton
6/25/2019,England,Australia,London
6/27/2019,India,West Indies,Manchester
6/28/2019,South Africa,Sri Lanka,Chester-le-Street
6/29/2019,Afghanistan,Pakistan,Leeds
6/29/2019,Australia,New Zealand,London
6/30/2019,England,India,Birmingham
7/1/2019,Sri Lanka,West Indies,Chester-le-Street
7/3/2019,England,New Zealand,Chester-le-Street
7/4/2019,Afghanistan,West Indies,Leeds
7/5/2019,Bangladesh,Pakistan,London
7/6/2019,Australia,South Africa,Manchester
7/11/2019,Australia,England,Birmingham
12/24/2018,Sydney Thunder,Sydney Sixers,Sydney
1/5/2019,Perth Scorchers,Brisbane Heat,Perth
1/11/2019,Adelaide Strikers,Melbourne Stars,Adelaide
1/13/2019,Melbourne Renegades,Brisbane Heat,Geelong
1/13/2019,Perth Scorchers,Sydney Sixers,Perth
1/20/2019,Sydney Sixers,Brisbane Heat,Sydney
1/23/2019,Sydney Sixers,Hobart Hurricanes,Sydney
1/30/2019,Melbourne Renegades,Sydney Thunder,Melbourne
2/1/2019,Brisbane Heat,Perth Scorchers,Brisbane
2/3/2019,Adelaide Strikers,Brisbane Heat,Adelaide
2/7/2019,Hobart Hurricanes,Melbourne Renegades,Hobart
2/8/2019,Brisbane Heat,Melbourne Stars,Brisbane
2/10/2019,Melbourne Stars,Sydney Sixers,Melbourne
2/14/2019,Hobart Hurricanes,Melbourne Stars,Hobart
5/3/2019,Ireland,England,Dublin
6/6/2019,England,West Indies,Leicester
6/9/2019,England,West Indies,Worcester
6/13/2019,England,West Indies,Chelmsford
7/2/2019,England,Australia,Leicester
7/4/2019,England,Australia,Leicester
7/1/2019,Ireland,Zimbabwe,Bready
7/4/2019,Ireland,Zimbabwe,Belfast
7/7/2019,Ireland,Zimbabwe,Belfast
3/25/2019,Rajasthan Royals,Kings XI Punjab,Jaipur
3/28/2019,Royal Challengers Bangalore,Mumbai Indians,Bengaluru
3/29/2019,Sunrisers Hyderabad,Rajasthan Royals,Hyderabad
3/31/2019,Chennai Super Kings,Rajasthan Royals,Chennai
4/3/2019,Mumbai Indians,Chennai Super Kings,Mumbai
4/5/2019,Royal Challengers Bangalore,Kolkata Knight Riders,Bengaluru
4/6/2019,Sunrisers Hyderabad,Mumbai Indians,Hyderabad
4/13/2019,Mumbai Indians,Rajasthan Royals,Mumbai
4/14/2019,Kolkata Knight Riders,Chennai Super Kings,Kolkata
4/14/2019,Sunrisers Hyderabad,Delhi Capitals,Hyderabad
4/18/2019,Delhi Capitals,Mumbai Indians,Delhi
4/22/2019,Rajasthan Royals,Delhi Capitals,Jaipur
4/27/2019,Rajasthan Royals,Sunrisers Hyderabad,Jaipur
4/29/2019,Sunrisers Hyderabad,Kings XI Punjab,Hyderabad
5/1/2019,Chennai Super Kings,Delhi Capitals,Chennai
5/4/2019,Delhi Capitals,Rajasthan Royals,Delhi
5/4/2019,Royal Challengers Bangalore,Sunrisers Hyderabad,Bengaluru
5/7/2019,Mumbai Indians,Chennai Super Kings,Chennai
5/8/2019,Delhi Capitals,Sunrisers Hyderabad,Visakhapatnam
5/29/2019,Ireland,West Indies,Dublin
8/30/2006,England,Pakistan,Cardiff
9/2/2006,England,Pakistan,London
9/5/2006,England,Pakistan,Southampton
9/8/2006,England,Pakistan,Nottingham
9/10/2006,England,Pakistan,Birmingham
6/24/2006,England,Sri Lanka,Chester-le-Street
7/1/2006,England,Sri Lanka,Leeds
1/9/2006,Australia,South Africa,Brisbane
1/15/2006,Australia,South Africa,Brisbane
1/20/2006,Australia,South Africa,Melbourne
2/3/2006,Australia,South Africa,Melbourne
2/5/2006,Australia,South Africa,
1/22/2006,Australia,Sri Lanka,
1/26/2006,Australia,Sri Lanka,
1/29/2006,Australia,Sri Lanka,Perth
1/17/2006,South Africa,Sri Lanka,Brisbane
1/24/2006,South Africa,Sri Lanka,
1/31/2006,South Africa,Sri Lanka,Perth
2/7/2006,South Africa,Sri Lanka,Hobart
1/3/2006,New Zealand,Sri Lanka,Christchurch
1/6/2006,New Zealand,Sri Lanka,Wellington
2/6/2006,Pakistan,India,Peshawar
2/11/2006,Pakistan,India,
2/12/2006,Australia,Sri Lanka,
2/13/2006,Pakistan,India,Lahore
2/14/2006,Australia,Sri Lanka,Brisbane
2/16/2006,Pakistan,India,
2/16/2006,New Zealand,West Indies,Auckland
2/18/2006,New Zealand,West Indies,Wellington
2/19/2006,Pakistan,India,Karachi
2/20/2006,Bangladesh,Sri Lanka,Bogra
2/22/2006,Bangladesh,Sri Lanka,Bogra
2/25/2006,Bangladesh,Sri Lanka,
4/23/2006,Bangladesh,Australia,
4/26/2006,Bangladesh,Australia,Fatullah
4/28/2006,Bangladesh,Australia,Fatullah
2/22/2006,New Zealand,West Indies,
2/25/2006,New Zealand,West Indies,Christchurch
3/1/2006,New Zealand,West Indies,Napier
3/4/2006,New Zealand,West Indies,Auckland
3/28/2006,India,England,Delhi
3/31/2006,India,England,Faridabad
4/3/2006,India,England,Margao
4/12/2006,India,England,Jamshedpur
4/15/2006,India,England,Indore
2/26/2006,South Africa,Australia,Centurion
3/3/2006,South Africa,Australia,Cape Town
3/5/2006,South Africa,Australia,Port Elizabeth
3/10/2006,South Africa,Australia,Durban
3/12/2006,South Africa,Australia,Johannesburg
3/17/2006,Sri Lanka,Pakistan,Colombo
3/19/2006,Sri Lanka,Pakistan,Colombo
3/22/2006,Sri Lanka,Pakistan,Colombo
4/29/2006,West Indies,Zimbabwe,Antigua
4/30/2006,West Indies,Zimbabwe,Antigua
5/10/2006,West Indies,Zimbabwe,St Lucia
5/13/2006,West Indies,Zimbabwe,Trinidad
5/14/2006,West Indies,Zimbabwe,Trinidad
5/20/2006,West Indies,India,Jamaica
5/23/2006,West Indies,India,St Kitts
5/26/2006,West Indies,India,Trinidad
5/28/2006,West Indies,India,Trinidad
4/18/2006,India,Pakistan,Abu Dhabi
4/19/2006,India,Pakistan,Abu Dhabi
3/13/2007,West Indies,Pakistan,Jamaica
3/14/2007,Australia,Scotland,St Kitts
3/15/2007,Bermuda,Sri Lanka,Trinidad
3/15/2007,Ireland,Zimbabwe,Jamaica
3/16/2007,Netherlands,South Africa,St Kitts
3/16/2007,England,New Zealand,St Lucia
3/17/2007,Bangladesh,India,Trinidad
3/17/2007,Ireland,Pakistan,Jamaica
3/18/2007,Australia,Netherlands,St Kitts
3/18/2007,Canada,England,St Lucia
3/19/2007,Bermuda,India,Trinidad
3/19/2007,West Indies,Zimbabwe,Jamaica
3/20/2007,Scotland,South Africa,St Kitts
3/20/2007,Kenya,New Zealand,St Lucia
3/21/2007,Bangladesh,Sri Lanka,Trinidad
3/21/2007,Pakistan,Zimbabwe,Jamaica
3/22/2007,Netherlands,Scotland,St Kitts
3/22/2007,Canada,New Zealand,St Lucia
3/23/2007,India,Sri Lanka,Trinidad
3/23/2007,West Indies,Ireland,Jamaica
3/24/2007,Australia,South Africa,St Kitts
3/24/2007,England,Kenya,St Lucia
3/25/2007,Bangladesh,Bermuda,Trinidad
3/28/2007,South Africa,Sri Lanka,Guyana
3/29/2007,West Indies,New Zealand,Antigua
3/30/2007,England,Ireland,Guyana
3/31/2007,Australia,Bangladesh,Antigua
4/1/2007,West Indies,Sri Lanka,Guyana
4/2/2007,Bangladesh,New Zealand,Antigua
4/3/2007,Ireland,South Africa,Guyana
4/7/2007,Bangladesh,South Africa,Guyana
4/8/2007,Australia,England,Antigua
4/9/2007,Ireland,New Zealand,Guyana
4/10/2007,West Indies,South Africa,Grenada
4/11/2007,Bangladesh,England,Barbados
4/13/2007,Australia,Ireland,Barbados
4/14/2007,New Zealand,South Africa,Grenada
4/15/2007,Bangladesh,Ireland,Barbados
4/16/2007,Australia,Sri Lanka,Grenada
4/17/2007,England,South Africa,Barbados
4/18/2007,Ireland,Sri Lanka,Grenada
4/19/2007,West Indies,Bangladesh,Barbados
4/20/2007,Australia,New Zealand,Grenada
4/21/2007,West Indies,England,Barbados
4/25/2007,Australia,South Africa,St Lucia
4/28/2007,Australia,Sri Lanka,Barbados
8/6/2006,Zimbabwe,Bangladesh,
11/22/2006,South Africa,India,Durban
11/26/2006,South Africa,India,Cape Town
11/29/2006,South Africa,India,Port Elizabeth
12/3/2006,South Africa,India,Centurion
1/21/2007,Australia,New Zealand,
1/28/2007,Australia,New Zealand,Perth
1/12/2007,Australia,England,
1/19/2007,Australia,England,Brisbane
1/26/2007,Australia,England,
2/2/2007,Australia,England,
1/16/2007,England,New Zealand,Hobart
2/6/2007,England,New Zealand,Brisbane
2/9/2007,Australia,England,
2/11/2007,Australia,England,
8/12/2006,Kenya,Bangladesh,Nairobi
8/13/2006,Kenya,Bangladesh,Nairobi
8/15/2006,Kenya,Bangladesh,Nairobi
10/7/2006,Bangladesh,Sri Lanka,Chandigarh
10/8/2006,West Indies,Zimbabwe,Ahmedabad
10/10/2006,Sri Lanka,Zimbabwe,Ahmedabad
10/11/2006,Bangladesh,West Indies,Jaipur
10/13/2006,Bangladesh,Zimbabwe,Jaipur
10/14/2006,Sri Lanka,West Indies,Mumbai
10/15/2006,India,England,Jaipur
10/16/2006,New Zealand,South Africa,Mumbai
10/17/2006,Pakistan,Sri Lanka,Jaipur
10/18/2006,Australia,West Indies,Mumbai
10/20/2006,New Zealand,Sri Lanka,Mumbai
10/21/2006,Australia,England,Jaipur
10/24/2006,South Africa,Sri Lanka,Ahmedabad
10/25/2006,New Zealand,Pakistan,Chandigarh
10/26/2006,India,West Indies,Ahmedabad
10/28/2006,England,West Indies,Ahmedabad
10/29/2006,India,Australia,Chandigarh
11/1/2006,Australia,New Zealand,Chandigarh
11/5/2006,Australia,West Indies,Mumbai
2/4/2007,South Africa,Pakistan,Centurion
2/7/2007,South Africa,Pakistan,Durban
2/9/2007,South Africa,Pakistan,Port Elizabeth
2/11/2007,South Africa,Pakistan,Cape Town
2/14/2007,South Africa,Pakistan,Johannesburg
12/28/2006,New Zealand,Sri Lanka,Napier
1/2/2007,New Zealand,Sri Lanka,Christchurch
1/6/2007,New Zealand,Sri Lanka,Auckland
2/16/2007,New Zealand,Australia,Wellington
2/18/2007,New Zealand,Australia,Auckland
2/20/2007,New Zealand,Australia,Hamilton
9/15/2006,South Africa,Zimbabwe,Bloemfontein
9/14/2006,India,West Indies,Kuala Lumpur
9/16/2006,Australia,India,Kuala Lumpur
9/18/2006,Australia,West Indies,Kuala Lumpur
9/20/2006,India,West Indies,Kuala Lumpur
9/22/2006,Australia,India,Kuala Lumpur
9/24/2006,Australia,West Indies,Kuala Lumpur
9/20/2006,South Africa,Zimbabwe,Potchefstroom
12/7/2006,Pakistan,West Indies,Faisalabad
12/10/2006,Pakistan,West Indies,Lahore
12/13/2006,Pakistan,West Indies,
12/16/2006,Pakistan,West Indies,Karachi
7/1/2007,England,West Indies,London
7/4/2007,England,West Indies,Birmingham
8/21/2007,England,India,Southampton
8/24/2007,England,India,Bristol
8/27/2007,England,India,Birmingham
8/30/2007,England,India,Manchester
9/2/2007,England,India,Leeds
9/5/2007,England,India,London
9/8/2007,England,India,London
11/27/2006,Bermuda,Canada,Potchefstroom
12/2/2006,Bermuda,Netherlands,Benoni
11/30/2006,Bermuda,Canada,Benoni
12/1/2006,Canada,Netherlands,Benoni
9/18/2006,South Africa,Zimbabwe,East London
12/3/2006,Bangladesh,Zimbabwe,Bogra
12/5/2006,Bangladesh,Zimbabwe,Bogra
12/8/2006,Bangladesh,Zimbabwe,Mirpur
12/9/2006,Bangladesh,Zimbabwe,Mirpur
2/2/2007,Bermuda,Canada,Nairobi
2/4/2007,Bermuda,Netherlands,Nairobi
2/5/2007,Kenya,Canada,Nairobi
1/27/2007,India,West Indies,Chennai
1/31/2007,India,West Indies,Vadodara
2/8/2007,India,Sri Lanka,Kolkata
2/11/2007,India,Sri Lanka,Rajkot
2/17/2007,India,Sri Lanka,Visakhapatnam
2/14/2007,India,Sri Lanka,Margao
8/16/2007,Scotland,India,Glasgow
5/10/2007,Bangladesh,India,Mirpur
5/12/2007,Bangladesh,India,Mirpur
9/18/2007,Bangladesh,Sri Lanka,Johannesburg
9/19/2007,South Africa,New Zealand,Durban
6/6/2007,Africa XI,Asia XI,Bangalore
6/9/2007,Africa XI,Asia XI,Chennai
6/10/2007,Africa XI,Asia XI,Chennai
10/1/2007,Sri Lanka,England,
10/4/2007,Sri Lanka,England,
10/10/2007,Sri Lanka,England,Colombo
10/13/2007,Sri Lanka,England,Colombo
12/11/2007,Australia,New Zealand,Perth
12/14/2007,Australia,New Zealand,
12/20/2007,Australia,New Zealand,Hobart
2/3/2008,Australia,India,Brisbane
2/5/2008,India,Sri Lanka,Brisbane
2/8/2008,Australia,Sri Lanka,
2/10/2008,Australia,India,
2/15/2008,Australia,Sri Lanka,Perth
2/17/2008,Australia,India,
2/19/2008,India,Sri Lanka,
2/22/2008,Australia,Sri Lanka,
2/24/2008,Australia,India,
2/26/2008,India,Sri Lanka,Hobart
2/29/2008,Australia,Sri Lanka,
3/2/2008,Australia,India,
3/4/2008,Australia,India,Brisbane
6/23/2007,Ireland,India,Belfast
6/24/2007,Ireland,South Africa,Belfast
6/26/2007,India,South Africa,Belfast
6/29/2007,India,South Africa,Belfast
7/1/2007,India,South Africa,Belfast
7/20/2007,Sri Lanka,Bangladesh,Colombo
7/23/2007,Sri Lanka,Bangladesh,Colombo
7/25/2007,Sri Lanka,Bangladesh,Colombo
7/13/2007,Netherlands,Scotland,Belfast
7/14/2007,Ireland,West Indies,Dublin
10/18/2007,Kenya,Canada,Nairobi
10/20/2007,Kenya,Canada,Nairobi
6/13/2008,England,New Zealand,Manchester
6/18/2008,England,New Zealand,Birmingham
6/21/2008,England,New Zealand,Bristol
6/25/2008,England,New Zealand,London
6/28/2008,England,New Zealand,London
8/22/2008,England,South Africa,Leeds
8/26/2008,England,South Africa,Nottingham
8/29/2008,England,South Africa,London
8/31/2008,England,South Africa,London
9/29/2007,India,Australia,Bangalore
10/2/2007,India,Australia,Kochi
10/5/2007,India,Australia,Hyderabad
10/8/2007,India,Australia,Chandigarh
10/11/2007,India,Australia,Vadodara
10/14/2007,India,Australia,Nagpur
10/17/2007,India,Australia,Mumbai
10/20/2007,India,Australia,Mumbai
11/5/2007,India,Pakistan,Guwahati
11/8/2007,India,Pakistan,Chandigarh
11/11/2007,India,Pakistan,Kanpur
11/15/2007,India,Pakistan,Gwalior
11/18/2007,India,Pakistan,Jaipur
11/23/2007,South Africa,New Zealand,Johannesburg
11/25/2007,South Africa,New Zealand,Durban
11/30/2007,South Africa,New Zealand,Port Elizabeth
12/2/2007,South Africa,New Zealand,Cape Town
1/20/2008,South Africa,West Indies,Centurion
1/25/2008,South Africa,West Indies,Cape Town
1/27/2008,South Africa,West Indies,Port Elizabeth
2/1/2008,South Africa,West Indies,Durban
2/3/2008,South Africa,West Indies,Johannesburg
10/18/2007,Pakistan,South Africa,Lahore
10/20/2007,Pakistan,South Africa,Lahore
10/23/2007,Pakistan,South Africa,Faisalabad
10/26/2007,Pakistan,South Africa,
10/29/2007,Pakistan,South Africa,Lahore
12/26/2007,New Zealand,Bangladesh,Auckland
12/28/2007,New Zealand,Bangladesh,Napier
12/31/2007,New Zealand,Bangladesh,
2/9/2008,New Zealand,England,Wellington
2/12/2008,New Zealand,England,Hamilton
2/15/2008,New Zealand,England,Auckland
2/20/2008,New Zealand,England,Napier
2/23/2008,New Zealand,England,Christchurch
8/22/2007,Zimbabwe,South Africa,Bulawayo
8/25/2007,Zimbabwe,South Africa,
8/26/2007,Zimbabwe,South Africa,
10/25/2007,Kenya,Bermuda,Nairobi
10/27/2007,Kenya,Bermuda,Nairobi
10/28/2007,Kenya,Bermuda,Nairobi
11/30/2007,Zimbabwe,West Indies,
12/2/2007,Zimbabwe,West Indies,
12/7/2007,Zimbabwe,West Indies,Bulawayo
4/10/2008,West Indies,Sri Lanka,Trinidad
4/12/2008,West Indies,Sri Lanka,Trinidad
4/15/2008,West Indies,Sri Lanka,St Lucia
6/24/2008,West Indies,Australia,St Vincent
6/27/2008,West Indies,Australia,Grenada
6/29/2008,West Indies,Australia,Grenada
7/4/2008,West Indies,Australia,St Kitts
7/6/2008,West Indies,Australia,St Kitts
3/9/2008,Bangladesh,South Africa,
3/12/2008,Bangladesh,South Africa,Mirpur
3/14/2008,Bangladesh,South Africa,Mirpur
6/29/2008,Canada,Bermuda,King City
8/12/2008,Scotland,Kenya,Ayr
8/25/2008,Ireland,Kenya,Belfast
7/29/2008,Netherlands,Scotland,Dublin
7/31/2008,Ireland,Scotland,Dublin
10/17/2008,Ireland,Zimbabwe,Nairobi
1/21/2008,Pakistan,Zimbabwe,Karachi
1/24/2008,Pakistan,Zimbabwe,Sind
1/27/2008,Pakistan,Zimbabwe,
1/30/2008,Pakistan,Zimbabwe,Faisalabad
2/2/2008,Pakistan,Zimbabwe,
6/24/2008,Bangladesh,United Arab Emirates,Lahore
6/24/2008,Pakistan,Hong Kong,Karachi
6/25/2008,Bangladesh,Sri Lanka,Lahore
6/25/2008,Hong Kong,India,Karachi
6/26/2008,Sri Lanka,United Arab Emirates,Lahore
6/26/2008,Pakistan,India,Karachi
6/30/2008,Bangladesh,Sri Lanka,Karachi
7/2/2008,Pakistan,India,Karachi
7/3/2008,India,Sri Lanka,Karachi
7/4/2008,Pakistan,Bangladesh,Karachi
7/6/2008,India,Sri Lanka,Karachi
4/21/2008,Rajasthan Royals,Kings XI Punjab,Jaipur
4/22/2008,Deccan Chargers,Delhi Daredevils,Hyderabad
4/24/2008,Deccan Chargers,Rajasthan Royals,Hyderabad
4/26/2008,Royal Challengers Bangalore,Rajasthan Royals,Bangalore
4/26/2008,Chennai Super Kings,Kolkata Knight Riders,Chennai
4/29/2008,Kolkata Knight Riders,Mumbai Indians,Kolkata
5/1/2008,Rajasthan Royals,Kolkata Knight Riders,Jaipur
5/9/2008,Rajasthan Royals,Deccan Chargers,Jaipur
5/12/2008,Kings XI Punjab,Royal Challengers Bangalore,Chandigarh
5/14/2008,Mumbai Indians,Chennai Super Kings,Mumbai
5/28/2008,Kings XI Punjab,Rajasthan Royals,Chandigarh
5/21/2008,Mumbai Indians,Kings XI Punjab,Mumbai
5/26/2008,Rajasthan Royals,Mumbai Indians,Jaipur
8/30/2008,Australia,Bangladesh,Darwin
9/3/2008,Australia,Bangladesh,Darwin
9/6/2008,Australia,Bangladesh,Darwin
8/18/2008,Sri Lanka,India,
8/20/2008,Sri Lanka,India,
8/24/2008,Sri Lanka,India,Colombo
8/29/2008,Sri Lanka,India,Colombo
4/8/2008,Pakistan,Bangladesh,Lahore
4/11/2008,Pakistan,Bangladesh,Faisalabad
4/13/2008,Pakistan,Bangladesh,Lahore
4/16/2008,Pakistan,Bangladesh,
4/19/2008,Pakistan,Bangladesh,Karachi
6/8/2008,Bangladesh,Pakistan,Mirpur
6/10/2008,India,Pakistan,Mirpur
6/12/2008,Bangladesh,India,Mirpur
6/14/2008,India,Pakistan,Mirpur
9/4/2009,England,Australia,London
9/6/2009,England,Australia,London
9/9/2009,England,Australia,Southampton
9/12/2009,England,Australia,London
9/17/2009,England,Australia,Nottingham
9/20/2009,England,Australia,Chester-le-Street
11/7/2008,South Africa,Bangladesh,Potchefstroom
4/3/2009,South Africa,Australia,Durban
4/5/2009,South Africa,Australia,Centurion
4/9/2009,South Africa,Australia,Cape Town
4/13/2009,South Africa,Australia,Port Elizabeth
4/17/2009,South Africa,Australia,Johannesburg
1/16/2009,Australia,South Africa,
1/18/2009,Australia,South Africa,Hobart
1/23/2009,Australia,South Africa,
1/26/2009,Australia,South Africa,
1/30/2009,Australia,South Africa,Perth
2/1/2009,Australia,New Zealand,Perth
2/6/2009,Australia,New Zealand,
2/8/2009,Australia,New Zealand,
2/10/2009,Australia,New Zealand,
2/13/2009,Australia,New Zealand,Brisbane
2/15/2009,Australia,New Zealand,
3/20/2009,West Indies,England,Guyana
3/22/2009,West Indies,England,Guyana
3/27/2009,West Indies,England,Barbados
3/29/2009,West Indies,England,Barbados
4/3/2009,West Indies,England,St Lucia
6/5/2009,England,Netherlands,London
6/6/2009,Australia,West Indies,London
6/6/2009,Bangladesh,India,Nottingham
6/14/2009,England,India,London
6/19/2009,Sri Lanka,West Indies,London
3/10/2009,England,India,Sydney
10/31/2008,South Africa,Kenya,Bloemfontein
11/14/2008,India,England,Rajkot
11/17/2008,India,England,Indore
11/20/2008,India,England,Kanpur
11/23/2008,India,England,Bangalore
11/26/2008,India,England,Cuttack
8/27/2008,Sri Lanka,India,Colombo
3/3/2009,New Zealand,India,Napier
3/11/2009,New Zealand,India,Hamilton
3/14/2009,New Zealand,India,Auckland
3/6/2009,New Zealand,India,Wellington
3/8/2009,New Zealand,India,Christchurch
12/31/2008,New Zealand,West Indies,
1/7/2009,New Zealand,West Indies,Wellington
11/12/2008,Pakistan,West Indies,Abu Dhabi
11/14/2008,Pakistan,West Indies,Abu Dhabi
11/20/2008,Zimbabwe,Sri Lanka,
11/22/2008,Zimbabwe,Sri Lanka,
11/24/2008,Zimbabwe,Sri Lanka,
11/30/2008,Zimbabwe,Sri Lanka,
6/26/2009,West Indies,India,Jamaica
6/28/2009,West Indies,India,Jamaica
7/3/2009,West Indies,India,St Lucia
7/5/2009,West Indies,India,St Lucia
1/14/2009,Bangladesh,Sri Lanka,Mirpur
1/23/2009,Bangladesh,Zimbabwe,Mirpur
5/24/2009,England,West Indies,Bristol
8/27/2009,Ireland,England,Belfast
6/29/2009,England,Australia,Chelmsford
1/31/2009,Kenya,Zimbabwe,Nairobi
1/20/2009,Pakistan,Sri Lanka,Karachi
1/21/2009,Pakistan,Sri Lanka,Karachi
1/24/2009,Pakistan,Sri Lanka,Lahore
1/28/2009,Sri Lanka,India,
1/31/2009,Sri Lanka,India,Colombo
2/3/2009,Sri Lanka,India,Colombo
2/5/2009,Sri Lanka,India,Colombo
2/8/2009,Sri Lanka,India,Colombo
11/22/2009,South Africa,England,Centurion
11/27/2009,South Africa,England,Cape Town
11/29/2009,South Africa,England,Port Elizabeth
4/1/2009,Ireland,Scotland,Benoni
4/8/2009,Canada,Scotland,Benoni
4/19/2009,Afghanistan,Scotland,Benoni
4/18/2009,Royal Challengers Bangalore,Rajasthan Royals,Cape Town
4/20/2009,Royal Challengers Bangalore,Chennai Super Kings,Port Elizabeth
4/21/2009,Kings XI Punjab,Kolkata Knight Riders,Durban
4/26/2009,Royal Challengers Bangalore,Delhi Daredevils,Port Elizabeth
4/26/2009,Kings XI Punjab,Rajasthan Royals,Cape Town
4/27/2009,Chennai Super Kings,Deccan Chargers,Durban
5/1/2009,Royal Challengers Bangalore,Kings XI Punjab,Durban
5/3/2009,Royal Challengers Bangalore,Mumbai Indians,Johannesburg
5/4/2009,Chennai Super Kings,Deccan Chargers,East London
5/9/2009,Deccan Chargers,Kings XI Punjab,Kimberley
5/9/2009,Chennai Super Kings,Rajasthan Royals,Kimberley
5/10/2009,Royal Challengers Bangalore,Mumbai Indians,Port Elizabeth
5/12/2009,Royal Challengers Bangalore,Kolkata Knight Riders,Centurion
5/12/2009,Kings XI Punjab,Mumbai Indians,Centurion
5/13/2009,Deccan Chargers,Delhi Daredevils,Durban
5/17/2009,Deccan Chargers,Kings XI Punjab,Johannesburg
5/18/2009,Chennai Super Kings,Kolkata Knight Riders,Centurion
5/21/2009,Delhi Daredevils,Mumbai Indians,Centurion
5/22/2009,Delhi Daredevils,Deccan Chargers,Centurion
4/22/2009,Australia,Pakistan,
4/24/2009,Australia,Pakistan,
4/27/2009,Australia,Pakistan,Abu Dhabi
5/1/2009,Australia,Pakistan,Abu Dhabi
5/3/2009,Australia,Pakistan,Abu Dhabi
7/26/2009,West Indies,Bangladesh,Dominica
7/28/2009,West Indies,Bangladesh,Dominica
7/31/2009,West Indies,Bangladesh,St Kitts
8/2/2009,West Indies,Bangladesh,St Kitts
7/30/2009,Sri Lanka,Pakistan,
8/1/2009,Sri Lanka,Pakistan,
8/3/2009,Sri Lanka,Pakistan,
8/7/2009,Sri Lanka,Pakistan,Colombo
8/9/2009,Sri Lanka,Pakistan,Colombo
9/8/2009,Sri Lanka,New Zealand,Colombo
9/12/2009,Sri Lanka,India,Colombo
9/11/2009,India,New Zealand,Colombo
9/14/2009,Sri Lanka,India,Colombo
2/7/2010,Australia,West Indies,
2/9/2010,Australia,West Indies,
2/12/2010,Australia,West Indies,
2/14/2010,Australia,West Indies,Brisbane
2/19/2010,Australia,West Indies,
1/22/2010,Australia,Pakistan,Brisbane
1/24/2010,Australia,Pakistan,
1/26/2010,Australia,Pakistan,
1/29/2010,Australia,Pakistan,Perth
1/31/2010,Australia,Pakistan,Perth
8/9/2009,Zimbabwe,Bangladesh,Bulawayo
8/11/2009,Zimbabwe,Bangladesh,Bulawayo
8/14/2009,Zimbabwe,Bangladesh,Bulawayo
8/16/2009,Zimbabwe,Bangladesh,Bulawayo
8/18/2009,Zimbabwe,Bangladesh,Bulawayo
4/30/2010,West Indies,Ireland,Guyana
5/5/2010,Australia,Bangladesh,Barbados
5/6/2010,England,Pakistan,Barbados
5/8/2010,New Zealand,Pakistan,Barbados
5/8/2010,England,South Africa,Barbados
5/9/2010,West Indies,India,Barbados
5/14/2010,Australia,Pakistan,St Lucia
8/19/2009,Canada,Kenya,Toronto
9/22/2009,South Africa,Sri Lanka,Centurion
9/23/2009,Pakistan,West Indies,Johannesburg
9/24/2009,South Africa,New Zealand,Centurion
9/25/2009,England,Sri Lanka,Johannesburg
9/26/2009,Australia,West Indies,Johannesburg
9/26/2009,India,Pakistan,Centurion
9/27/2009,South Africa,England,Centurion
9/28/2009,Australia,India,Centurion
9/29/2009,England,New Zealand,Johannesburg
9/30/2009,India,West Indies,Johannesburg
10/2/2009,Australia,England,Centurion
10/3/2009,New Zealand,Pakistan,Johannesburg
10/5/2009,Australia,New Zealand,Centurion
10/25/2009,India,Australia,Vadodara
10/28/2009,India,Australia,Nagpur
10/31/2009,India,Australia,Delhi
11/2/2009,India,Australia,Chandigarh
11/5/2009,India,Australia,Hyderabad
11/8/2009,India,Australia,Guwahati
3/14/2010,Chennai Super Kings,Deccan Chargers,Chennai
3/15/2010,Rajasthan Royals,Delhi Daredevils,Ahmedabad
3/16/2010,Royal Challengers Bangalore,Kings XI Punjab,Bangalore
3/25/2010,Mumbai Indians,Chennai Super Kings,Mumbai
3/28/2010,Deccan Chargers,Mumbai Indians,Mumbai
3/30/2010,Mumbai Indians,Kings XI Punjab,Mumbai
4/2/2010,Kings XI Punjab,Royal Challengers Bangalore,Chandigarh
4/3/2010,Chennai Super Kings,Rajasthan Royals,Chennai
4/4/2010,Kolkata Knight Riders,Kings XI Punjab,Kolkata
4/9/2010,Kings XI Punjab,Mumbai Indians,Chandigarh
4/10/2010,Royal Challengers Bangalore,Kolkata Knight Riders,Bangalore
4/13/2010,Chennai Super Kings,Kolkata Knight Riders,Chennai
4/21/2010,Royal Challengers Bangalore,Mumbai Indians,Mumbai
4/25/2010,Chennai Super Kings,Mumbai Indians,Mumbai
10/27/2009,Bangladesh,Zimbabwe,Mirpur
10/29/2009,Bangladesh,Zimbabwe,Mirpur
10/31/2009,Bangladesh,Zimbabwe,Mirpur
11/3/2009,Bangladesh,Zimbabwe,Chittagong
11/5/2009,Bangladesh,Zimbabwe,Chittagong
10/21/2009,South Africa,West Indies,Paarl
2/5/2010,New Zealand,Bangladesh,Napier
2/8/2010,New Zealand,Bangladesh,Dunedin
2/11/2010,New Zealand,Bangladesh,Christchurch
3/3/2010,New Zealand,Australia,Napier
3/6/2010,New Zealand,Australia,Auckland
3/9/2010,New Zealand,Australia,Hamilton
3/11/2010,New Zealand,Australia,Auckland
3/13/2010,New Zealand,Australia,Wellington
6/17/2010,Ireland,Australia,Dublin
6/22/2010,England,Australia,Southampton
6/27/2010,England,Australia,Manchester
6/30/2010,England,Australia,London
7/3/2010,England,Australia,London
7/8/2010,England,Bangladesh,Nottingham
7/10/2010,England,Bangladesh,Bristol
2/28/2010,Bangladesh,England,Mirpur
3/2/2010,Bangladesh,England,Mirpur
3/5/2010,Bangladesh,England,Chittagong
9/10/2010,England,Pakistan,Chester-le-Street
9/12/2010,England,Pakistan,Leeds
9/17/2010,England,Pakistan,London
9/20/2010,England,Pakistan,London
11/3/2009,New Zealand,Pakistan,Abu Dhabi
11/6/2009,New Zealand,Pakistan,Abu Dhabi
11/9/2009,New Zealand,Pakistan,Abu Dhabi
11/8/2009,South Africa,Zimbabwe,Benoni
11/10/2009,South Africa,Zimbabwe,Centurion
12/15/2009,India,Sri Lanka,Rajkot
12/18/2009,India,Sri Lanka,Nagpur
12/21/2009,India,Sri Lanka,Cuttack
12/24/2009,India,Sri Lanka,Kolkata
12/27/2009,India,Sri Lanka,Delhi
2/19/2011,Bangladesh,India,Mirpur
2/20/2011,Kenya,New Zealand,Chennai
2/20/2011,Sri Lanka,Canada,Hambantota
2/21/2011,Australia,Zimbabwe,Ahmedabad
2/22/2011,England,Netherlands,Nagpur
2/24/2011,South Africa,West Indies,Delhi
2/25/2011,Australia,New Zealand,Nagpur
2/25/2011,Bangladesh,Ireland,Mirpur
2/27/2011,India,England,Bangalore
2/28/2011,Netherlands,West Indies,Delhi
2/28/2011,Canada,Zimbabwe,Nagpur
3/1/2011,Sri Lanka,Kenya,Colombo
3/2/2011,England,Ireland,Bangalore
3/3/2011,Netherlands,South Africa,Chandigarh
3/3/2011,Canada,Pakistan,Colombo
3/4/2011,New Zealand,Zimbabwe,Ahmedabad
3/4/2011,Bangladesh,West Indies,Mirpur
3/5/2011,Sri Lanka,Australia,Colombo
3/6/2011,India,Ireland,Bangalore
3/6/2011,England,South Africa,Chennai
3/8/2011,New Zealand,Pakistan,
3/9/2011,India,Netherlands,Delhi
3/10/2011,Sri Lanka,Zimbabwe,
3/11/2011,Ireland,West Indies,Chandigarh
3/11/2011,Bangladesh,England,Chittagong
3/12/2011,India,South Africa,Nagpur
3/13/2011,Australia,Kenya,Bangalore
3/14/2011,Pakistan,Zimbabwe,
3/14/2011,Bangladesh,Netherlands,Chittagong
3/15/2011,Ireland,South Africa,Kolkata
3/16/2011,Australia,Canada,Bangalore
3/17/2011,England,West Indies,Chennai
3/18/2011,New Zealand,Sri Lanka,Mumbai
3/19/2011,Australia,Pakistan,Colombo
3/19/2011,Bangladesh,South Africa,Mirpur
3/20/2011,Kenya,Zimbabwe,Kolkata
3/20/2011,India,West Indies,Chennai
3/23/2011,Pakistan,West Indies,Mirpur
3/26/2011,Sri Lanka,England,Colombo
3/29/2011,Sri Lanka,New Zealand,Colombo
3/30/2011,India,Pakistan,Chandigarh
4/2/2011,India,Sri Lanka,Mumbai
1/4/2010,Bangladesh,Sri Lanka,Mirpur
1/5/2010,India,Sri Lanka,Mirpur
1/7/2010,Bangladesh,India,Mirpur
1/8/2010,Bangladesh,Sri Lanka,Mirpur
1/10/2010,India,Sri Lanka,Mirpur
1/11/2010,Bangladesh,India,Mirpur
1/13/2010,India,Sri Lanka,Mirpur
3/4/2010,West Indies,Zimbabwe,Guyana
3/6/2010,West Indies,Zimbabwe,Guyana
3/10/2010,West Indies,Zimbabwe,St Vincent
3/12/2010,West Indies,Zimbabwe,St Vincent
3/14/2010,West Indies,Zimbabwe,St Vincent
5/22/2010,West Indies,South Africa,Antigua
5/24/2010,West Indies,South Africa,Antigua
5/28/2010,West Indies,South Africa,Dominica
5/30/2010,West Indies,South Africa,Dominica
6/3/2010,West Indies,South Africa,Trinidad
2/21/2010,India,South Africa,Jaipur
2/24/2010,India,South Africa,Gwalior
2/27/2010,India,South Africa,Ahmedabad
11/3/2010,Australia,Sri Lanka,
11/5/2010,Australia,Sri Lanka,
11/7/2010,Australia,Sri Lanka,Brisbane
1/16/2011,Australia,England,
1/21/2011,Australia,England,Hobart
1/23/2011,Australia,England,
1/26/2011,Australia,England,
1/30/2011,Australia,England,Brisbane
2/2/2011,Australia,England,
2/6/2011,Australia,England,Perth
7/16/2010,Ireland,Bangladesh,Belfast
8/16/2010,Scotland,Afghanistan,Ayr
8/17/2010,Scotland,Afghanistan,Ayr
5/28/2010,Zimbabwe,India,Bulawayo
5/30/2010,India,Sri Lanka,Bulawayo
6/1/2010,Zimbabwe,Sri Lanka,Bulawayo
6/3/2010,Zimbabwe,India,
6/5/2010,India,Sri Lanka,
6/7/2010,Zimbabwe,Sri Lanka,
6/9/2010,Zimbabwe,Sri Lanka,
6/15/2010,Sri Lanka,Pakistan,
6/16/2010,Bangladesh,India,
6/18/2010,Sri Lanka,Bangladesh,
6/19/2010,India,Pakistan,
6/21/2010,Bangladesh,Pakistan,
6/22/2010,Sri Lanka,India,
8/10/2010,India,New Zealand,
8/16/2010,Sri Lanka,India,
8/13/2010,Sri Lanka,New Zealand,
8/25/2010,India,New Zealand,
8/22/2010,Sri Lanka,India,
8/28/2010,Sri Lanka,India,
10/29/2010,Pakistan,South Africa,Abu Dhabi
10/31/2010,Pakistan,South Africa,Abu Dhabi
11/2/2010,Pakistan,South Africa,
11/5/2010,Pakistan,South Africa,
11/8/2010,Pakistan,South Africa,
10/15/2010,South Africa,Zimbabwe,Bloemfontein
10/17/2010,South Africa,Zimbabwe,Potchefstroom
10/22/2010,South Africa,Zimbabwe,Benoni
1/9/2011,South Africa,India,Durban
1/12/2011,South Africa,India,Durban
1/15/2011,South Africa,India,Johannesburg
1/18/2011,South Africa,India,Cape Town
1/21/2011,South Africa,India,Port Elizabeth
1/23/2011,South Africa,India,Centurion
10/20/2010,India,Australia,Visakhapatnam
8/18/2010,Ireland,Netherlands,Dublin
9/6/2010,Canada,Ireland,Skating and Curling Club
1/31/2011,Sri Lanka,West Indies,Colombo
2/3/2011,Sri Lanka,West Indies,Colombo
2/6/2011,Sri Lanka,West Indies,Colombo
8/14/2010,Nepal,United States of America,Pianoro
8/14/2010,Argentina,Tanzania,Navile
8/17/2010,Italy,Argentina,Pianoro
8/18/2010,Argentina,Nepal,Navile
8/20/2010,Argentina,United States of America,Pianoro
8/20/2010,Cayman Islands,Nepal,Medicina
8/20/2010,Italy,Tanzania,Navile
8/21/2010,Italy,United States of America,Pianoro
8/21/2010,Argentina,Cayman Islands,Navile
11/28/2010,India,New Zealand,Guwahati
12/1/2010,India,New Zealand,Jaipur
12/4/2010,India,New Zealand,Vadodara
12/7/2010,India,New Zealand,Bangalore
12/10/2010,India,New Zealand,Chennai
8/19/2010,Nepal,United States of America,Pianoro
1/22/2011,New Zealand,Pakistan,Wellington
1/26/2011,New Zealand,Pakistan,
1/29/2011,New Zealand,Pakistan,Christchurch
2/1/2011,New Zealand,Pakistan,Napier
2/3/2011,New Zealand,Pakistan,Hamilton
2/5/2011,New Zealand,Pakistan,Auckland
6/28/2011,England,Sri Lanka,London
7/1/2011,England,Sri Lanka,Leeds
7/3/2011,England,Sri Lanka,London
7/6/2011,England,Sri Lanka,Nottingham
9/3/2011,England,India,Chester-le-Street
9/6/2011,England,India,Southampton
9/11/2011,England,India,London
10/5/2010,Bangladesh,New Zealand,Mirpur
10/11/2010,Bangladesh,New Zealand,Mirpur
10/14/2010,Bangladesh,New Zealand,Mirpur
10/17/2010,Bangladesh,New Zealand,Mirpur
8/25/2011,Ireland,England,Dublin
12/1/2010,Bangladesh,Zimbabwe,Mirpur
12/3/2010,Bangladesh,Zimbabwe,Mirpur
12/6/2010,Bangladesh,Zimbabwe,Mirpur
12/12/2010,Bangladesh,Zimbabwe,Chittagong
4/21/2011,West Indies,Pakistan,St Lucia
4/23/2011,West Indies,Pakistan,St Lucia
4/25/2011,West Indies,Pakistan,St Lucia
4/28/2011,West Indies,Pakistan,Barbados
5/2/2011,West Indies,Pakistan,Barbados
5/5/2011,West Indies,Pakistan,Guyana
6/4/2011,West Indies,India,Trinidad
6/6/2011,West Indies,India,Trinidad
6/8/2011,West Indies,India,Trinidad
6/11/2011,West Indies,India,Antigua
6/13/2011,West Indies,India,Antigua
6/16/2011,West Indies,India,Jamaica
4/12/2011,Rajasthan Royals,Delhi Daredevils,Jaipur
4/12/2011,Royal Challengers Bangalore,Mumbai Indians,Bangalore
4/13/2011,Pune Warriors,Kochi Tuskers Kerala,Mumbai
4/15/2011,Rajasthan Royals,Kolkata Knight Riders,Jaipur
4/17/2011,Pune Warriors,Delhi Daredevils,Mumbai
4/22/2011,Mumbai Indians,Chennai Super Kings,Mumbai
4/22/2011,Kolkata Knight Riders,Royal Challengers Bangalore,Kolkata
4/23/2011,Delhi Daredevils,Kings XI Punjab,Delhi
4/26/2011,Delhi Daredevils,Royal Challengers Bangalore,Delhi
5/9/2011,Rajasthan Royals,Chennai Super Kings,Jaipur
5/19/2011,Pune Warriors,Kolkata Knight Riders,Mumbai
4/9/2011,Bangladesh,Australia,Mirpur
4/11/2011,Bangladesh,Australia,Mirpur
4/13/2011,Bangladesh,Australia,Mirpur
6/29/2011,Scotland,Netherlands,Aberdeen
10/19/2011,South Africa,Australia,Centurion
10/23/2011,South Africa,Australia,Port Elizabeth
10/28/2011,South Africa,Australia,Durban
1/11/2012,South Africa,Sri Lanka,Paarl
1/14/2012,South Africa,Sri Lanka,East London
1/17/2012,South Africa,Sri Lanka,Bloemfontein
1/20/2012,South Africa,Sri Lanka,Kimberley
1/22/2012,South Africa,Sri Lanka,Johannesburg
8/10/2011,Sri Lanka,Australia,
8/14/2011,Sri Lanka,Australia,Hambantota
8/16/2011,Sri Lanka,Australia,Hambantota
8/20/2011,Sri Lanka,Australia,Colombo
8/22/2011,Sri Lanka,Australia,Colombo
2/5/2012,Australia,India,
2/8/2012,India,Sri Lanka,Perth
2/10/2012,Australia,Sri Lanka,Perth
2/12/2012,Australia,India,
2/14/2012,India,Sri Lanka,
2/17/2012,Australia,Sri Lanka,
2/19/2012,Australia,India,Brisbane
2/24/2012,Australia,Sri Lanka,Hobart
2/26/2012,Australia,India,
2/28/2012,India,Sri Lanka,Hobart
3/2/2012,Australia,Sri Lanka,
3/4/2012,Australia,Sri Lanka,Brisbane
3/6/2012,Australia,Sri Lanka,
3/8/2012,Australia,Sri Lanka,
2/3/2012,New Zealand,Zimbabwe,Dunedin
2/6/2012,New Zealand,Zimbabwe,Whangarei
2/9/2012,New Zealand,Zimbabwe,Napier
2/25/2012,New Zealand,South Africa,Wellington
2/29/2012,New Zealand,South Africa,Napier
3/3/2012,New Zealand,South Africa,Auckland
10/14/2011,India,England,Hyderabad
10/17/2011,India,England,Delhi
10/20/2011,India,England,Chandigarh
10/23/2011,India,England,Mumbai
10/25/2011,India,England,Kolkata
8/12/2011,Zimbabwe,Bangladesh,
8/14/2011,Zimbabwe,Bangladesh,
8/16/2011,Zimbabwe,Bangladesh,
8/19/2011,Zimbabwe,Bangladesh,Bulawayo
8/21/2011,Zimbabwe,Bangladesh,Bulawayo
9/8/2011,Zimbabwe,Pakistan,Bulawayo
9/11/2011,Zimbabwe,Pakistan,
9/14/2011,Zimbabwe,Pakistan,
9/19/2011,Ireland,Canada,Dublin
9/20/2011,Ireland,Canada,Dublin
12/23/2011,Sydney Thunder,Adelaide Strikers,Sydney
1/1/2012,Hobart Hurricanes,Sydney Thunder,Hobart
1/12/2012,Melbourne Renegades,Brisbane Heat,Melbourne
1/18/2012,Sydney Sixers,Perth Scorchers,
10/20/2011,Zimbabwe,New Zealand,
10/22/2011,Zimbabwe,New Zealand,
10/25/2011,Zimbabwe,New Zealand,Bulawayo
10/21/2011,South Africa,England,Potchefstroom
10/23/2011,South Africa,England,Potchefstroom
10/25/2011,South Africa,England,Potchefstroom
11/11/2011,Pakistan,Sri Lanka,
11/14/2011,Pakistan,Sri Lanka,
11/18/2011,Pakistan,Sri Lanka,
11/20/2011,Pakistan,Sri Lanka,
11/23/2011,Pakistan,Sri Lanka,Abu Dhabi
2/13/2012,England,Pakistan,Abu Dhabi
2/15/2012,England,Pakistan,Abu Dhabi
2/18/2012,England,Pakistan,
2/21/2012,England,Pakistan,
10/13/2011,Bangladesh,West Indies,Mirpur
10/15/2011,Bangladesh,West Indies,Mirpur
10/18/2011,Bangladesh,West Indies,Chittagong
9/19/2012,Australia,Ireland,Colombo
9/19/2012,Afghanistan,India,Colombo
9/23/2012,New Zealand,Pakistan,
9/23/2012,England,India,Colombo
9/30/2012,South Africa,West Indies,
10/1/2012,India,Pakistan,
6/24/2012,England,West Indies,Nottingham
6/16/2012,England,West Indies,Southampton
6/19/2012,England,West Indies,London
6/23/2012,Ireland,Australia,Belfast
6/29/2012,England,Australia,London
7/1/2012,England,Australia,London
7/7/2012,England,Australia,Chester-le-Street
7/10/2012,England,Australia,Manchester
8/28/2012,England,South Africa,Southampton
8/31/2012,England,South Africa,London
9/2/2012,England,South Africa,London
9/5/2012,England,South Africa,Nottingham
3/11/2012,Bangladesh,Pakistan,Mirpur
3/15/2012,Pakistan,Sri Lanka,Mirpur
3/20/2012,Bangladesh,Sri Lanka,Mirpur
11/29/2011,India,West Indies,Cuttack
12/2/2011,India,West Indies,Visakhapatnam
12/5/2011,India,West Indies,Ahmedabad
12/8/2011,India,West Indies,Indore
12/11/2011,India,West Indies,Chennai
11/29/2011,Bangladesh,Pakistan,Mirpur
12/1/2011,Bangladesh,Pakistan,Mirpur
12/3/2011,Bangladesh,Pakistan,Mirpur
12/6/2011,Bangladesh,Pakistan,Chittagong
3/16/2012,West Indies,Australia,St Vincent
3/18/2012,West Indies,Australia,St Vincent
3/20/2012,West Indies,Australia,St Vincent
3/23/2012,West Indies,Australia,St Lucia
3/25/2012,West Indies,Australia,St Lucia
7/1/2012,England,India,London
7/4/2012,England,India,Taunton
7/5/2012,England,India,Taunton
7/11/2012,England,India,Wormsley
2/18/2012,Kenya,Ireland,
3/29/2012,Afghanistan,Netherlands,
2/10/2012,Afghanistan,Pakistan,
3/18/2012,Afghanistan,Canada,Dubai
4/7/2012,Deccan Chargers,Chennai Super Kings,Visakhapatnam
4/9/2012,Deccan Chargers,Mumbai Indians,Visakhapatnam
4/13/2012,Kolkata Knight Riders,Rajasthan Royals,Kolkata
4/22/2012,Mumbai Indians,Kings XI Punjab,Mumbai
4/23/2012,Rajasthan Royals,Royal Challengers Bangalore,Jaipur
5/2/2012,Royal Challengers Bangalore,Kings XI Punjab,Bangalore
5/6/2012,Royal Challengers Bangalore,Deccan Chargers,Bangalore
5/7/2012,Delhi Daredevils,Kolkata Knight Riders,Delhi
5/19/2012,Pune Warriors,Kolkata Knight Riders,Pune
5/20/2012,Deccan Chargers,Royal Challengers Bangalore,Hyderabad
5/23/2012,Chennai Super Kings,Mumbai Indians,Bangalore
5/27/2012,Kolkata Knight Riders,Chennai Super Kings,Chennai
7/5/2012,Ireland,Afghanistan,Dublin
7/5/2012,West Indies,New Zealand,Jamaica
7/7/2012,West Indies,New Zealand,Jamaica
7/11/2012,West Indies,New Zealand,St Kitts
7/14/2012,West Indies,New Zealand,St Kitts
7/16/2012,West Indies,New Zealand,St Kitts
6/7/2012,Sri Lanka,Pakistan,
6/9/2012,Sri Lanka,Pakistan,
6/13/2012,Sri Lanka,Pakistan,Colombo
6/16/2012,Sri Lanka,Pakistan,Colombo
6/18/2012,Sri Lanka,Pakistan,Colombo
7/21/2012,Sri Lanka,India,Hambantota
7/24/2012,Sri Lanka,India,Hambantota
7/28/2012,Sri Lanka,India,Colombo
7/31/2012,Sri Lanka,India,Colombo
8/4/2012,Sri Lanka,India,
1/11/2013,India,England,Rajkot
1/15/2013,India,England,Kochi
1/19/2013,India,England,Ranchi
1/23/2013,India,England,Chandigarh
1/27/2013,India,England,Dharamsala
5/31/2013,England,New Zealand,London
6/2/2013,England,New Zealand,Southampton
9/3/2013,Ireland,England,Dublin
9/8/2013,England,Australia,Manchester
9/11/2013,England,Australia,Birmingham
9/14/2013,England,Australia,Cardiff
9/16/2013,England,Australia,Southampton
6/19/2013,England,South Africa,London
6/20/2013,India,Sri Lanka,Cardiff
1/19/2013,South Africa,New Zealand,Paarl
1/22/2013,South Africa,New Zealand,Kimberley
1/25/2013,South Africa,New Zealand,Potchefstroom
3/10/2013,South Africa,Pakistan,Bloemfontein
3/15/2013,South Africa,Pakistan,Centurion
3/17/2013,South Africa,Pakistan,Johannesburg
3/21/2013,South Africa,Pakistan,Durban
3/24/2013,South Africa,Pakistan,Benoni
2/17/2013,New Zealand,England,Hamilton
2/20/2013,New Zealand,England,Napier
2/23/2013,New Zealand,England,Auckland
8/28/2012,Australia,Pakistan,
8/31/2012,Australia,Pakistan,Abu Dhabi
9/3/2012,Australia,Pakistan,
12/19/2012,Melbourne Renegades,Hobart Hurricanes,Melbourne
2/4/2013,Melbourne Renegades,Brisbane Heat,Melbourne
8/25/2012,Afghanistan,Australia,
1/11/2013,Australia,Sri Lanka,
1/13/2013,Australia,Sri Lanka,
1/18/2013,Australia,Sri Lanka,Brisbane
1/20/2013,Australia,Sri Lanka,
1/23/2013,Australia,Sri Lanka,Hobart
2/1/2013,Australia,West Indies,Perth
2/3/2013,Australia,West Indies,Perth
2/6/2013,Australia,West Indies,Canberra
2/8/2013,Australia,West Indies,
2/10/2013,Australia,West Indies,
9/3/2012,Denmark,Tanzania,Kuala Lumpur
9/3/2012,Nepal,Singapore,Kuala Lumpur
9/4/2012,Denmark,United States of America,Kuala Lumpur
9/4/2012,Nepal,Tanzania,Kuala Lumpur
9/6/2012,Tanzania,United States of America,Kuala Lumpur
9/6/2012,Malaysia,Nepal,Kuala Lumpur
9/6/2012,Denmark,Singapore,Kuala Lumpur
9/7/2012,Nepal,United States of America,Kuala Lumpur
9/7/2012,Singapore,Tanzania,Kuala Lumpur
9/9/2012,Denmark,Nepal,Kuala Lumpur
9/9/2012,Singapore,United States of America,Kuala Lumpur
9/10/2012,Denmark,Singapore,Kuala Lumpur
6/6/2013,India,South Africa,Cardiff
6/7/2013,Pakistan,West Indies,London
6/9/2013,New Zealand,Sri Lanka,Cardiff
6/10/2013,Pakistan,South Africa,Birmingham
6/11/2013,India,West Indies,London
6/13/2013,England,Sri Lanka,London
6/14/2013,South Africa,West Indies,Cardiff
6/15/2013,India,Pakistan,Birmingham
6/16/2013,England,New Zealand,Cardiff
6/17/2013,Australia,Sri Lanka,London
9/17/2012,Ghana,Vanuatu,Apia
9/17/2012,Bhutan,Japan,Apia
9/20/2012,Samoa,Bhutan,Apia
9/22/2012,Ghana,Vanuatu,Apia
9/22/2012,Belgium,Japan,Apia
9/22/2012,Samoa,Norway,Apia
11/4/2012,Sri Lanka,New Zealand,
11/6/2012,Sri Lanka,New Zealand,
11/10/2012,Sri Lanka,New Zealand,Hambantota
11/12/2012,Sri Lanka,New Zealand,Hambantota
12/12/2012,Australia,New Zealand,
12/14/2012,Australia,New Zealand,Sydney
12/19/2012,Australia,New Zealand,Sydney
10/30/2012,Bangladesh,Pakistan,
11/30/2012,Bangladesh,West Indies,Khulna
12/2/2012,Bangladesh,West Indies,Khulna
12/5/2012,Bangladesh,West Indies,Mirpur
12/7/2012,Bangladesh,West Indies,Mirpur
12/8/2012,Bangladesh,West Indies,Mirpur
12/30/2012,India,Pakistan,Chennai
1/3/2013,India,Pakistan,Kolkata
1/6/2013,India,Pakistan,Delhi
3/11/2013,Canada,Kenya,Dubai
8/20/2013,England,Australia,London
8/23/2013,England,Australia,Hove
8/25/2013,England,Australia,Hove
2/22/2013,West Indies,Zimbabwe,Grenada
2/26/2013,West Indies,Zimbabwe,Grenada
2/1/2013,England,Sri Lanka,Mumbai
2/5/2013,India,Sri Lanka,Mumbai
2/8/2013,Australia,England,Mumbai
2/10/2013,Australia,Sri Lanka,Mumbai
2/11/2013,New Zealand,West Indies,Mumbai
2/13/2013,England,New Zealand,Mumbai
2/15/2013,England,New Zealand,Mumbai
2/17/2013,Australia,West Indies,Mumbai
6/28/2013,West Indies,Sri Lanka,Jamaica
6/30/2013,West Indies,India,Jamaica
7/2/2013,India,Sri Lanka,Jamaica
7/5/2013,West Indies,India,Trinidad
7/9/2013,India,Sri Lanka,Trinidad
7/11/2013,India,Sri Lanka,Trinidad
4/8/2013,Rajasthan Royals,Kolkata Knight Riders,Jaipur
4/15/2013,Chennai Super Kings,Pune Warriors,Chennai
4/17/2013,Pune Warriors,Sunrisers Hyderabad,Pune
4/18/2013,Delhi Daredevils,Chennai Super Kings,Delhi
4/27/2013,Rajasthan Royals,Sunrisers Hyderabad,Jaipur
4/29/2013,Mumbai Indians,Kings XI Punjab,Mumbai
5/1/2013,Sunrisers Hyderabad,Mumbai Indians,Hyderabad
5/3/2013,Kolkata Knight Riders,Rajasthan Royals,Kolkata
5/5/2013,Rajasthan Royals,Pune Warriors,Jaipur
5/7/2013,Mumbai Indians,Kolkata Knight Riders,Mumbai
5/8/2013,Sunrisers Hyderabad,Chennai Super Kings,Hyderabad
5/9/2013,Kings XI Punjab,Rajasthan Royals,Chandigarh
5/24/2013,Mumbai Indians,Rajasthan Royals,Kolkata
5/17/2013,Scotland,Pakistan,Edinburgh
5/23/2013,Ireland,Pakistan,Dublin
5/26/2013,Ireland,Pakistan,Dublin
3/23/2013,Sri Lanka,Bangladesh,Hambantota
3/25/2013,Sri Lanka,Bangladesh,Hambantota
3/28/2013,Sri Lanka,Bangladesh,
2/22/2013,Sri Lanka,West Indies,
2/24/2013,Sri Lanka,West Indies,
2/26/2013,Sri Lanka,West Indies,
5/3/2013,Zimbabwe,Bangladesh,Bulawayo
5/5/2013,Zimbabwe,Bangladesh,Bulawayo
5/8/2013,Zimbabwe,Bangladesh,Bulawayo
7/1/2013,England,Pakistan,
7/3/2013,England,Pakistan,Loughborough
4/28/2013,Nepal,United States of America,Bermuda
4/29/2013,Bermuda,Oman,Bermuda
5/1/2013,Bermuda,Nepal,Bermuda
5/2/2013,Bermuda,Italy,Bermuda
5/4/2013,Italy,Nepal,Bermuda
5/4/2013,Oman,Uganda,Bermuda
5/5/2013,Italy,Oman,Bermuda
5/5/2013,Nepal,Uganda,Hamilton
7/7/2013,Netherlands,Ireland,Amstelveen
7/20/2013,Sri Lanka,South Africa,Colombo
7/23/2013,Sri Lanka,South Africa,Colombo
7/26/2013,Sri Lanka,South Africa,
7/28/2013,Sri Lanka,South Africa,
7/31/2013,Sri Lanka,South Africa,Colombo
1/12/2014,Australia,England,
1/17/2014,Australia,England,Brisbane
1/19/2014,Australia,England,
1/24/2014,Australia,England,Perth
1/26/2014,Australia,England,
2/28/2014,West Indies,England,Antigua
3/2/2014,West Indies,England,Antigua
3/5/2014,West Indies,England,Antigua
7/27/2013,Canada,Japan,Dublin
7/24/2013,Zimbabwe,India,
7/26/2013,Zimbabwe,India,
7/28/2013,Zimbabwe,India,
8/1/2013,Zimbabwe,India,Bulawayo
8/3/2013,Zimbabwe,India,Bulawayo
7/17/2013,Ireland,Pakistan,Dublin
7/19/2013,Ireland,Pakistan,Dublin
7/14/2013,West Indies,Pakistan,Guyana
7/16/2013,West Indies,Pakistan,Guyana
7/19/2013,West Indies,Pakistan,St Lucia
7/21/2013,West Indies,Pakistan,St Lucia
7/24/2013,West Indies,Pakistan,St Lucia
10/13/2013,India,Australia,Pune
10/16/2013,India,Australia,Jaipur
10/19/2013,India,Australia,Chandigarh
10/23/2013,India,Australia,Ranchi
10/30/2013,India,Australia,Nagpur
11/2/2013,India,Australia,Bangalore
12/5/2013,South Africa,India,Johannesburg
12/8/2013,South Africa,India,Durban
12/11/2013,South Africa,India,Centurion
10/30/2013,Pakistan,South Africa,
11/1/2013,Pakistan,South Africa,
11/6/2013,Pakistan,South Africa,Abu Dhabi
11/8/2013,Pakistan,South Africa,Abu Dhabi
11/11/2013,Pakistan,South Africa,
1/8/2014,Sydney Thunder,Brisbane Heat,Sydney
1/9/2014,Melbourne Stars,Adelaide Strikers,
1/15/2014,Sydney Sixers,Hobart Hurricanes,
2/5/2014,Sydney Sixers,Perth Scorchers,
2/7/2014,Perth Scorchers,Hobart Hurricanes,Perth
2/14/2015,New Zealand,Sri Lanka,Christchurch
2/14/2015,Australia,England,
2/15/2015,India,Pakistan,
2/16/2015,Ireland,West Indies,Nelson
2/17/2015,New Zealand,Scotland,Dunedin
2/18/2015,Afghanistan,Bangladesh,Canberra
2/19/2015,United Arab Emirates,Zimbabwe,Nelson
2/20/2015,New Zealand,England,Wellington
2/21/2015,Pakistan,West Indies,Christchurch
2/22/2015,Afghanistan,Sri Lanka,Dunedin
2/22/2015,India,South Africa,
2/25/2015,Ireland,United Arab Emirates,Brisbane
2/26/2015,Afghanistan,Scotland,Dunedin
2/27/2015,South Africa,West Indies,
2/28/2015,New Zealand,Australia,Auckland
2/28/2015,India,United Arab Emirates,Perth
3/1/2015,Pakistan,Zimbabwe,Brisbane
3/3/2015,Ireland,South Africa,Canberra
3/4/2015,Pakistan,United Arab Emirates,Napier
3/4/2015,Australia,Afghanistan,Perth
3/6/2015,India,West Indies,Perth
3/7/2015,Pakistan,South Africa,Auckland
3/7/2015,Ireland,Zimbabwe,Hobart
3/8/2015,New Zealand,Afghanistan,Napier
3/8/2015,Australia,Sri Lanka,
3/9/2015,Bangladesh,England,
3/10/2015,India,Ireland,Hamilton
3/11/2015,Scotland,Sri Lanka,Hobart
3/13/2015,Afghanistan,England,
3/14/2015,India,Zimbabwe,Auckland
3/14/2015,Australia,Scotland,Hobart
3/15/2015,United Arab Emirates,West Indies,Napier
3/15/2015,Ireland,Pakistan,
3/18/2015,South Africa,Sri Lanka,
3/19/2015,Bangladesh,India,
3/20/2015,Australia,Pakistan,
3/21/2015,New Zealand,West Indies,Wellington
3/24/2015,New Zealand,South Africa,Auckland
3/26/2015,Australia,India,
3/29/2015,Australia,New Zealand,
12/18/2013,Pakistan,Sri Lanka,
12/20/2013,Pakistan,Sri Lanka,
12/22/2013,Pakistan,Sri Lanka,
12/25/2013,Pakistan,Sri Lanka,Abu Dhabi
12/27/2013,Pakistan,Sri Lanka,Abu Dhabi
8/27/2013,Zimbabwe,Pakistan,
8/29/2013,Zimbabwe,Pakistan,
8/31/2013,Zimbabwe,Pakistan,
11/15/2013,Bermuda,Scotland,Sharjah
11/19/2013,Kenya,Scotland,Dubai
11/22/2013,Netherlands,Scotland,Dubai
11/23/2013,Kenya,Netherlands,Dubai
11/24/2013,Canada,Italy,Abu Dhabi
11/26/2013,Canada,Kenya,
11/27/2013,Hong Kong,Nepal,Abu Dhabi
8/29/2013,Canada,Netherlands,King City
9/6/2013,Ireland,Scotland,Belfast
12/26/2013,New Zealand,West Indies,Auckland
1/1/2014,New Zealand,West Indies,
1/4/2014,New Zealand,West Indies,Nelson
1/8/2014,New Zealand,West Indies,Hamilton
9/20/2013,South Africa,Bangladesh,Benoni
9/24/2013,South Africa,Bangladesh,Centurion
1/19/2014,Australia,England,
1/23/2014,Australia,England,
1/26/2014,Australia,England,Hobart
1/19/2014,New Zealand,India,Napier
1/22/2014,New Zealand,India,Hamilton
1/25/2014,New Zealand,India,Auckland
1/28/2014,New Zealand,India,Hamilton
1/31/2014,New Zealand,India,Wellington
8/27/2014,England,India,Cardiff
8/30/2014,England,India,Nottingham
9/2/2014,England,India,Birmingham
9/5/2014,England,India,Leeds
5/22/2014,England,Sri Lanka,London
5/25/2014,England,Sri Lanka,Chester-le-Street
5/28/2014,England,Sri Lanka,Manchester
5/31/2014,England,Sri Lanka,London
6/3/2014,England,Sri Lanka,Birmingham
10/26/2013,South Africa,Sri Lanka,Potchefstroom
10/28/2013,South Africa,Sri Lanka,Potchefstroom
10/29/2013,Bangladesh,New Zealand,Mirpur
10/31/2013,Bangladesh,New Zealand,Mirpur
11/3/2013,Bangladesh,New Zealand,Fatullah
11/6/2013,Bangladesh,New Zealand,Mirpur
11/10/2013,Sri Lanka,New Zealand,Hambantota
11/12/2013,Sri Lanka,New Zealand,Hambantota
11/16/2013,Sri Lanka,New Zealand,
11/21/2013,India,West Indies,Kochi
11/24/2013,India,West Indies,Visakhapatnam
11/27/2013,India,West Indies,Kanpur
11/24/2013,South Africa,Pakistan,Cape Town
11/27/2013,South Africa,Pakistan,Port Elizabeth
11/30/2013,South Africa,Pakistan,Centurion
2/17/2014,Bangladesh,Sri Lanka,Mirpur
2/20/2014,Bangladesh,Sri Lanka,Mirpur
2/22/2014,Bangladesh,Sri Lanka,Mirpur
1/23/2014,Canada,Scotland,Christchurch
1/23/2014,Kenya,Netherlands,Lincoln
1/28/2014,Canada,Netherlands,Mount Maunganui
1/30/2014,Kenya,Scotland,Christchurch
1/19/2014,Ireland,Pakistan,Doha
2/23/2014,West Indies,Ireland,Jamaica
5/6/2014,Ireland,Sri Lanka,Dublin
2/25/2014,Pakistan,Sri Lanka,Fatullah
2/26/2014,Bangladesh,India,Fatullah
2/28/2014,India,Sri Lanka,Fatullah
3/1/2014,Bangladesh,Afghanistan,Fatullah
3/2/2014,India,Pakistan,Mirpur
3/4/2014,Bangladesh,Pakistan,Mirpur
3/5/2014,Afghanistan,India,Mirpur
3/6/2014,Bangladesh,Sri Lanka,Mirpur
3/8/2014,Pakistan,Sri Lanka,Mirpur
1/16/2015,South Africa,West Indies,Durban
1/18/2015,South Africa,West Indies,Johannesburg
1/21/2015,South Africa,West Indies,East London
1/25/2015,South Africa,West Indies,Port Elizabeth
1/28/2015,South Africa,West Indies,Centurion
8/21/2014,England,India,Scarborough
8/23/2014,England,India,Scarborough
3/7/2014,Malaysia,Cayman Islands,Kuala Lumpur
3/9/2014,Cayman Islands,Nigeria,Kuala Lumpur
3/10/2014,Malaysia,Guernsey,Kuala Lumpur
3/13/2014,Nigeria,Tanzania,Kuala Lumpur
10/7/2014,Australia,Pakistan,
10/10/2014,Australia,Pakistan,
10/12/2014,Australia,Pakistan,Abu Dhabi
9/8/2014,Ireland,Scotland,Dublin
9/10/2014,Ireland,Scotland,Dublin
9/12/2014,Ireland,Scotland,Dublin
4/19/2014,Kolkata Knight Riders,Delhi Daredevils,
4/21/2014,Chennai Super Kings,Delhi Daredevils,Abu Dhabi
4/23/2014,Rajasthan Royals,Chennai Super Kings,
4/24/2014,Royal Challengers Bangalore,Kolkata Knight Riders,
4/28/2014,Kings XI Punjab,Royal Challengers Bangalore,
7/6/2014,Sri Lanka,South Africa,Colombo
7/9/2014,Sri Lanka,South Africa,
7/12/2014,Sri Lanka,South Africa,Hambantota
8/20/2014,West Indies,Bangladesh,Grenada
8/22/2014,West Indies,Bangladesh,Grenada
8/25/2014,West Indies,Bangladesh,St Kitts
5/6/2014,Mumbai Indians,Royal Challengers Bangalore,Mumbai
5/8/2014,Rajasthan Royals,Sunrisers Hyderabad,Ahmedabad
5/10/2014,Mumbai Indians,Chennai Super Kings,Mumbai
5/11/2014,Royal Challengers Bangalore,Rajasthan Royals,Bangalore
5/12/2014,Sunrisers Hyderabad,Mumbai Indians,Hyderabad
5/13/2014,Royal Challengers Bangalore,Delhi Daredevils,Bangalore
5/14/2014,Sunrisers Hyderabad,Kings XI Punjab,Hyderabad
5/15/2014,Rajasthan Royals,Delhi Daredevils,Ahmedabad
5/18/2014,Sunrisers Hyderabad,Kolkata Knight Riders,Hyderabad
5/20/2014,Kolkata Knight Riders,Chennai Super Kings,Kolkata
5/24/2014,Royal Challengers Bangalore,Chennai Super Kings,Bangalore
5/24/2014,Kolkata Knight Riders,Sunrisers Hyderabad,Kolkata
5/25/2014,Mumbai Indians,Rajasthan Royals,Mumbai
8/17/2014,Zimbabwe,South Africa,Bulawayo
8/19/2014,Zimbabwe,South Africa,Bulawayo
8/21/2014,Zimbabwe,South Africa,Bulawayo
8/27/2014,Australia,South Africa,
8/29/2014,Zimbabwe,South Africa,
8/31/2014,Zimbabwe,Australia,
9/2/2014,Australia,South Africa,
9/6/2014,Australia,South Africa,
5/1/2014,Malaysia,Oman,Kuala Lumpur
5/1/2014,Nepal,United Arab Emirates,Kuala Lumpur
5/2/2014,Afghanistan,United Arab Emirates,Kuala Lumpur
5/2/2014,Malaysia,Nepal,Kuala Lumpur
5/2/2014,Hong Kong,Oman,Kuala Lumpur
5/4/2014,Hong Kong,United Arab Emirates,Kuala Lumpur
5/5/2014,Afghanistan,Oman,Kuala Lumpur
5/5/2014,Hong Kong,Nepal,Kuala Lumpur
5/5/2014,Malaysia,United Arab Emirates,Kuala Lumpur
5/7/2014,Afghanistan,Nepal,Kuala Lumpur
5/7/2014,Malaysia,Hong Kong,Kuala Lumpur
12/8/2014,New Zealand,Pakistan,
12/12/2014,New Zealand,Pakistan,
12/14/2014,New Zealand,Pakistan,
12/17/2014,New Zealand,Pakistan,Abu Dhabi
12/19/2014,New Zealand,Pakistan,Abu Dhabi
6/9/2015,England,New Zealand,Birmingham
6/12/2015,England,New Zealand,London
6/14/2015,England,New Zealand,Southampton
6/17/2015,England,New Zealand,Nottingham
6/20/2015,England,New Zealand,Chester-le-Street
8/27/2015,Ireland,Australia,Belfast
9/3/2015,England,Australia,Southampton
9/5/2015,England,Australia,London
9/8/2015,England,Australia,Manchester
9/11/2015,England,Australia,Leeds
9/13/2015,England,Australia,Manchester
6/15/2014,Bangladesh,India,Mirpur
6/17/2014,Bangladesh,India,Mirpur
6/19/2014,Bangladesh,India,Mirpur
8/23/2014,Sri Lanka,Pakistan,Hambantota
8/26/2014,Sri Lanka,Pakistan,Hambantota
8/30/2014,Sri Lanka,Pakistan,
6/8/2014,Singapore,Kuwait,Singapore
6/8/2014,Bahrain,Maldives,Singapore
6/10/2014,Kuwait,Maldives,Singapore
6/10/2014,Singapore,Bhutan,Singapore
6/10/2014,Bahrain,Saudi Arabia,Singapore
6/11/2014,Bhutan,Kuwait,Singapore
6/13/2014,Kuwait,Saudi Arabia,Singapore
6/13/2014,Singapore,Maldives,Singapore
6/21/2014,Singapore,Denmark,Singapore
6/21/2014,Italy,Oman,Padang
6/21/2014,Jersey,Malaysia,Singapore
6/22/2014,Denmark,Malaysia,Singapore
6/22/2014,Jersey,Oman,Padang
6/24/2014,Jersey,Italy,Singapore
6/24/2014,Singapore,Malaysia,Padang
6/24/2014,Denmark,Oman,Singapore
6/25/2014,Singapore,Oman,Singapore
6/27/2014,Malaysia,Oman,Singapore
6/27/2014,Singapore,Jersey,Singapore
6/28/2014,Denmark,Italy,Padang
6/28/2014,Jersey,Oman,Singapore
10/21/2014,New Zealand,South Africa,Mount Maunganui
10/24/2014,New Zealand,South Africa,Mount Maunganui
10/27/2014,New Zealand,South Africa,Hamilton
1/11/2015,New Zealand,Sri Lanka,Christchurch
1/15/2015,New Zealand,Sri Lanka,Hamilton
1/17/2015,New Zealand,Sri Lanka,Auckland
1/20/2015,New Zealand,Sri Lanka,Nelson
1/23/2015,New Zealand,Sri Lanka,Dunedin
1/25/2015,New Zealand,Sri Lanka,Dunedin
1/29/2015,New Zealand,Sri Lanka,Wellington
1/31/2015,New Zealand,Pakistan,Wellington
2/3/2015,New Zealand,Pakistan,Napier
11/26/2014,Sri Lanka,England,Colombo
11/29/2014,Sri Lanka,England,Colombo
12/3/2014,Sri Lanka,England,Hambantota
12/7/2014,Sri Lanka,England,Colombo
12/13/2014,Sri Lanka,England,
12/16/2014,Sri Lanka,England,Colombo
11/14/2014,Australia,South Africa,Perth
11/16/2014,Australia,South Africa,Perth
11/19/2014,Australia,South Africa,Canberra
11/21/2014,Australia,South Africa,
11/23/2014,Australia,South Africa,
1/18/2015,Australia,India,
1/16/2015,Australia,England,
1/20/2015,England,India,Brisbane
1/23/2015,Australia,England,Hobart
1/26/2015,Australia,India,
1/30/2015,England,India,Perth
8/26/2014,Australia,Pakistan,Brisbane
11/11/2014,Australia,West Indies,Sydney
11/13/2014,Australia,West Indies,Sydney
11/16/2014,Australia,West Indies,Bowral
11/18/2014,Australia,West Indies,Bowral
7/20/2014,Zimbabwe,Afghanistan,Bulawayo
7/22/2014,Zimbabwe,Afghanistan,Bulawayo
7/24/2014,Zimbabwe,Afghanistan,Bulawayo
12/18/2014,Adelaide Strikers,Melbourne Stars,
1/11/2015,Brisbane Heat,Sydney Sixers,Brisbane
1/14/2015,Sydney Sixers,Adelaide Strikers,
1/21/2015,Melbourne Stars,Perth Scorchers,
10/19/2014,Sri Lanka,South Africa,Colombo
10/21/2014,Sri Lanka,South Africa,Colombo
11/21/2014,Bangladesh,Zimbabwe,Chittagong
11/23/2014,Bangladesh,Zimbabwe,Chittagong
11/26/2014,Bangladesh,Zimbabwe,Mirpur
11/28/2014,Bangladesh,Zimbabwe,Mirpur
12/1/2014,Bangladesh,Zimbabwe,Mirpur
5/8/2015,Ireland,England,Dublin
10/8/2014,India,West Indies,Kochi
10/11/2014,India,West Indies,Delhi
10/17/2014,India,West Indies,Dharmasala
9/21/2014,Nepal,Thailand,Incheon
9/28/2014,China,Malaysia,Incheon
9/30/2014,South Korea,Sri Lanka,Incheon
10/2/2014,Afghanistan,Hong Kong,Incheon
10/23/2014,Bermuda,United States of America,Kuala Lumpur
10/23/2014,Malaysia,Singapore,Kuala Lumpur
10/24/2014,Singapore,Uganda,Kuala Lumpur
10/24/2014,Malaysia,United States of America,Kuala Lumpur
10/24/2014,Bermuda,Nepal,Kuala Lumpur
10/26/2014,Uganda,United States of America,Kuala Lumpur
10/27/2014,Nepal,United States of America,Kuala Lumpur
10/27/2014,Malaysia,Uganda,Kuala Lumpur
10/27/2014,Bermuda,Singapore,Kuala Lumpur
10/29/2014,Singapore,United States of America,Kuala Lumpur
10/29/2014,Bermuda,Uganda,Kuala Lumpur
10/29/2014,Malaysia,Nepal,Kuala Lumpur
10/30/2014,Malaysia,Singapore,Kuala Lumpur
10/30/2014,Bermuda,United States of America,Kuala Lumpur
10/30/2014,Nepal,Uganda,Kuala Lumpur
11/2/2014,India,Sri Lanka,Cuttack
11/6/2014,India,Sri Lanka,Ahmedabad
11/9/2014,India,Sri Lanka,Hyderabad
11/13/2014,India,Sri Lanka,Kolkata
11/16/2014,India,Sri Lanka,Ranchi
10/28/2014,Bermuda,Singapore,Kuala Lumpur
7/21/2015,England,Australia,Taunton
2/3/2016,South Africa,England,Bloemfontein
2/6/2016,South Africa,England,Port Elizabeth
2/9/2016,South Africa,England,Centurion
2/12/2016,South Africa,England,Johannesburg
2/14/2016,South Africa,England,Cape Town
11/28/2014,United Arab Emirates,Afghanistan,Dubai
11/30/2014,United Arab Emirates,Afghanistan,Dubai
1/11/2015,Pakistan,Sri Lanka,
1/13/2015,Pakistan,Sri Lanka,
1/12/2015,Ireland,Scotland,
1/17/2015,Afghanistan,Ireland,
1/25/2015,Malaysia,Maldives,
1/8/2015,Afghanistan,Scotland,Dubai
1/14/2015,Afghanistan,Scotland,Abu Dhabi
1/17/2015,Namibia,Kenya,Windhoek
1/17/2015,Canada,Netherlands,Windhoek
1/17/2015,Nepal,Uganda,Windhoek
1/18/2015,Namibia,Uganda,Windhoek
1/18/2015,Canada,Kenya,Windhoek
1/20/2015,Canada,Nepal,Windhoek
1/20/2015,Kenya,Uganda,Windhoek
1/20/2015,Namibia,Netherlands,Windhoek
1/21/2015,Namibia,Nepal,Windhoek
1/23/2015,Netherlands,Uganda,Windhoek
1/23/2015,Namibia,Canada,Windhoek
1/23/2015,Kenya,Nepal,Windhoek
7/10/2015,Bangladesh,South Africa,Mirpur
7/12/2015,Bangladesh,South Africa,Mirpur
7/15/2015,Bangladesh,South Africa,Chittagong
3/17/2015,Pakistan,South Africa,
4/11/2015,Kolkata Knight Riders,Royal Challengers Bangalore,Kolkata
4/12/2015,Mumbai Indians,Kings XI Punjab,Mumbai
4/19/2015,Royal Challengers Bangalore,Mumbai Indians,Bangalore
4/22/2015,Sunrisers Hyderabad,Kolkata Knight Riders,Visakhapatnam
4/25/2015,Mumbai Indians,Sunrisers Hyderabad,Mumbai
5/3/2015,Kings XI Punjab,Mumbai Indians,Chandigarh
5/4/2015,Chennai Super Kings,Royal Challengers Bangalore,Chennai
5/7/2015,Rajasthan Royals,Sunrisers Hyderabad,Mumbai
5/14/2015,Mumbai Indians,Kolkata Knight Riders,Mumbai
5/19/2015,Chennai Super Kings,Mumbai Indians,Mumbai
5/22/2015,Chennai Super Kings,Royal Challengers Bangalore,Ranchi
8/19/2015,South Africa,New Zealand,Centurion
8/23/2015,South Africa,New Zealand,Potchefstroom
8/26/2015,South Africa,New Zealand,Durban
4/17/2015,Bangladesh,Pakistan,Mirpur
4/19/2015,Bangladesh,Pakistan,Mirpur
4/22/2015,Bangladesh,Pakistan,Mirpur
7/11/2015,Sri Lanka,Pakistan,
7/15/2015,Sri Lanka,Pakistan,
7/19/2015,Sri Lanka,Pakistan,Colombo
7/22/2015,Sri Lanka,Pakistan,Colombo
7/26/2015,Sri Lanka,Pakistan,Hambantota
5/26/2015,Pakistan,Zimbabwe,Lahore
5/29/2015,Pakistan,Zimbabwe,Lahore
5/31/2015,Pakistan,Zimbabwe,Lahore
6/18/2015,Bangladesh,India,Mirpur
6/21/2015,Bangladesh,India,Mirpur
6/24/2015,Bangladesh,India,Mirpur
6/24/2015,Netherlands,Papua New Guinea,Amstelveen
6/27/2015,Kenya,United Arab Emirates,Southampton
7/6/2015,India,New Zealand,Bangalore
7/8/2015,India,New Zealand,Bangalore
7/12/2015,Ireland,United States of America,Belfast
7/18/2015,Jersey,Nepal,Dublin
12/1/2015,Bangladesh,Papua New Guinea,Bangkok
12/1/2015,China,Netherlands,Bangkok
12/3/2015,Bangladesh,Zimbabwe,Bangkok
12/3/2015,Ireland,Scotland,Bangkok
12/5/2015,Bangladesh,Ireland,Bangkok
12/5/2015,Scotland,Zimbabwe,Bangkok
7/10/2015,Zimbabwe,India,
7/12/2015,Zimbabwe,India,
7/14/2015,Zimbabwe,India,
8/2/2015,Zimbabwe,New Zealand,
8/4/2015,Zimbabwe,New Zealand,
8/7/2015,Zimbabwe,New Zealand,
2/7/2016,Australia,India,Hobart
1/12/2016,Australia,India,Perth
1/15/2016,Australia,India,Brisbane
1/17/2016,Australia,India,
1/20/2016,Australia,India,Canberra
1/23/2016,Australia,India,
12/23/2015,Melbourne Renegades,Sydney Sixers,Melbourne
12/28/2015,Sydney Thunder,Adelaide Strikers,
12/31/2015,Adelaide Strikers,Sydney Sixers,
1/2/2016,Melbourne Stars,Melbourne Renegades,
1/8/2016,Brisbane Heat,Adelaide Strikers,Brisbane
1/10/2016,Sydney Sixers,Brisbane Heat,
1/14/2016,Melbourne Stars,Brisbane Heat,
1/22/2016,Melbourne Stars,Perth Scorchers,
11/11/2015,England,Pakistan,Abu Dhabi
11/13/2015,England,Pakistan,Abu Dhabi
11/17/2015,England,Pakistan,
11/20/2015,England,Pakistan,
10/11/2015,India,South Africa,Kanpur
10/14/2015,India,South Africa,Indore
10/18/2015,India,South Africa,Rajkot
10/22/2015,India,South Africa,Chennai
10/25/2015,India,South Africa,Mumbai
2/7/2016,South Africa,England,Benoni
2/24/2016,South Africa,West Indies,East London
2/27/2016,South Africa,West Indies,East London
2/29/2016,South Africa,West Indies,East London
11/16/2015,United Arab Emirates,Hong Kong,Dubai
9/7/2015,Fiji,Guernsey,Colchester
9/7/2015,Cayman Islands,Vanuatu,Frinton-on-Sea
9/8/2015,Norway,Vanuatu,
9/8/2015,Fiji,Suriname,Colchester
9/8/2015,Botswana,Guernsey,Frinton-on-Sea
9/10/2015,Guernsey,Suriname,Halstead
9/11/2015,Guernsey,Norway,Frinton-on-Sea
9/11/2015,Suriname,Vanuatu,Coggeshall
9/13/2015,Botswana,Fiji,Bishop's Stortford
9/13/2015,Guernsey,Suriname,Chelmsford
6/18/2016,Ireland,Sri Lanka,Dublin
6/21/2016,England,Sri Lanka,Nottingham
6/24/2016,England,Sri Lanka,Birmingham
6/26/2016,England,Sri Lanka,Bristol
6/29/2016,England,Sri Lanka,London
7/2/2016,England,Sri Lanka,Cardiff
8/18/2016,Ireland,Pakistan,Dublin
8/24/2016,England,Pakistan,Southampton
8/27/2016,England,Pakistan,London
8/30/2016,England,Pakistan,Nottingham
9/1/2016,England,Pakistan,Leeds
9/4/2016,England,Pakistan,Cardiff
12/26/2015,New Zealand,Sri Lanka,Christchurch
12/28/2015,New Zealand,Sri Lanka,Christchurch
12/31/2015,New Zealand,Sri Lanka,Nelson
1/2/2016,New Zealand,Sri Lanka,Nelson
1/5/2016,New Zealand,Sri Lanka,Mount Maunganui
1/25/2016,New Zealand,Pakistan,Wellington
2/3/2016,New Zealand,Australia,Auckland
2/8/2016,New Zealand,Australia,Hamilton
1/31/2016,New Zealand,Pakistan,Auckland
11/1/2015,Sri Lanka,West Indies,Colombo
11/4/2015,Sri Lanka,West Indies,Colombo
11/7/2015,Sri Lanka,West Indies,
11/3/2015,New Zealand,Sri Lanka,Lincoln
11/5/2015,New Zealand,Sri Lanka,Lincoln
2/20/2016,New Zealand,Australia,Mount Maunganui
2/22/2016,New Zealand,Australia,Mount Maunganui
10/1/2015,Zimbabwe,Pakistan,
10/3/2015,Zimbabwe,Pakistan,
10/5/2015,Zimbabwe,Pakistan,
10/9/2015,Zimbabwe,Ireland,
10/11/2015,Zimbabwe,Ireland,
10/13/2015,Zimbabwe,Ireland,
10/6/2015,Pakistan,Bangladesh,Karachi
10/16/2015,Zimbabwe,Afghanistan,Bulawayo
10/18/2015,Zimbabwe,Afghanistan,Bulawayo
10/22/2015,Zimbabwe,Afghanistan,Bulawayo
11/12/2015,Oman,Papua New Guinea,Dubai
11/14/2015,Oman,Nepal,Abu Dhabi
11/22/2015,United Arab Emirates,Oman,Abu Dhabi
11/7/2015,Bangladesh,Zimbabwe,Mirpur
11/9/2015,Bangladesh,Zimbabwe,Mirpur
11/11/2015,Bangladesh,Zimbabwe,Mirpur
6/3/2016,West Indies,South Africa,Guyana
6/5/2016,West Indies,Australia,Guyana
6/7/2016,Australia,South Africa,Guyana
6/11/2016,Australia,South Africa,St Kitts
6/15/2016,West Indies,South Africa,St Kitts
6/21/2016,West Indies,Australia,Barbados
6/24/2016,West Indies,South Africa,Barbados
6/26/2016,West Indies,Australia,Barbados
10/11/2016,South Africa,New Zealand,Kimberley
10/17/2016,South Africa,New Zealand,Paarl
10/19/2016,South Africa,New Zealand,Paarl
10/22/2016,South Africa,New Zealand,Paarl
10/24/2016,South Africa,New Zealand,Paarl
9/25/2016,South Africa,Ireland,Benoni
9/27/2016,Australia,Ireland,Benoni
9/30/2016,South Africa,Australia,Centurion
10/2/2016,South Africa,Australia,Johannesburg
10/5/2016,South Africa,Australia,Durban
10/9/2016,South Africa,Australia,Port Elizabeth
10/12/2016,South Africa,Australia,Cape Town
1/28/2017,South Africa,Sri Lanka,Port Elizabeth
2/1/2017,South Africa,Sri Lanka,Durban
2/4/2017,South Africa,Sri Lanka,Johannesburg
2/7/2017,South Africa,Sri Lanka,Cape Town
2/10/2017,South Africa,Sri Lanka,Centurion
11/19/2015,Bangladesh,Zimbabwe,Cox's Bazar
6/22/2016,England,Pakistan,Worcester
6/27/2016,England,Pakistan,Taunton
3/8/2016,Hong Kong,Zimbabwe,Nagpur
3/8/2016,Afghanistan,Scotland,Nagpur
1/27/2016,United Arab Emirates,Netherlands,Abu Dhabi
1/29/2016,United Arab Emirates,Netherlands,Abu Dhabi
12/25/2015,Afghanistan,Zimbabwe,
12/29/2015,Afghanistan,Zimbabwe,
1/2/2016,Afghanistan,Zimbabwe,
1/4/2016,Afghanistan,Zimbabwe,
1/6/2016,Afghanistan,Zimbabwe,
8/11/2016,Ireland,South Africa,Dublin
2/28/2016,Bangladesh,Sri Lanka,Mirpur
2/20/2016,Malaysia,Singapore,Kuala Lumpur
5/22/2016,Guernsey,Tanzania,St Martin
5/22/2016,Nigeria,Oman,St Clement
5/24/2016,Jersey,Tanzania,St Clement
5/25/2016,Oman,Tanzania,St Saviour
5/27/2016,Tanzania,Vanuatu,St Saviour
5/27/2016,Jersey,Nigeria,St Martin
5/27/2016,Guernsey,Oman,St Clement
5/28/2016,Jersey,Oman,St Saviour
4/22/2016,Rising Pune Supergiants,Royal Challengers Bangalore,Pune
4/23/2016,Delhi Daredevils,Mumbai Indians,Delhi
4/24/2016,Gujarat Lions,Royal Challengers Bangalore,Rajkot
4/30/2016,Sunrisers Hyderabad,Royal Challengers Bangalore,Hyderabad
5/7/2016,Kings XI Punjab,Delhi Daredevils,Chandigarh
5/8/2016,Kolkata Knight Riders,Gujarat Lions,Kolkata
5/9/2016,Kings XI Punjab,Royal Challengers Bangalore,Chandigarh
5/11/2016,Royal Challengers Bangalore,Mumbai Indians,Bangalore
5/12/2016,Sunrisers Hyderabad,Delhi Daredevils,Hyderabad
5/16/2016,Kolkata Knight Riders,Royal Challengers Bangalore,Kolkata
5/27/2016,Gujarat Lions,Sunrisers Hyderabad,Delhi
8/21/2016,Sri Lanka,Australia,Colombo
8/24/2016,Sri Lanka,Australia,Colombo
8/28/2016,Sri Lanka,Australia,
8/31/2016,Sri Lanka,Australia,
9/1/2016,Sri Lanka,Australia,
7/12/2016,Ireland,Afghanistan,Belfast
7/17/2016,Ireland,Afghanistan,Belfast
7/19/2016,Ireland,Afghanistan,Belfast
8/14/2016,Scotland,United Arab Emirates,Edinburgh
8/16/2016,Scotland,United Arab Emirates,Edinburgh
